jam_id,type,level,severity,line_coordinates,start_location,end_location,speed_kmh,length_meters,delay_seconds,block_alert_id,block_alert_type,block_alert_description,block_alert_update_datetime_utc,block_start_datetime_utc,publish_datetime_utc,update_datetime_utc,country,city,street
242779256,NONE,3,5,"LINESTRING(-7.60152 33.580156, -7.600853 33.579048, -7.600413 33.578237, -7.600262 33.577957, -7.600039 33.577546, -7.599661 33.576837, -7.5994 33.576347, -7.59869 33.574882, -7.598609 33.574714, -7.598378 33.574239, -7.598146 33.573711, -7.598027 33.573443, -7.59756 33.572444, -7.597338 33.571999, -7.597261 33.571853, -7.596863 33.571137)",,,14.71,1091,160,,,,,,2025-06-29T18:09:33.816Z,2025-06-29T19:22:45.180Z,MO,Casablanca - الدار البيضاء,R315 - Boulevard Mohammed VI
250139624,NONE,4,5,"LINESTRING(-7.63788 33.582874, -7.63627 33.581574)",,,1.54,208,431,,,,,,2025-06-29T19:22:47.435Z,2025-06-29T19:22:47.435Z,MO,Casablanca - الدار البيضاء,Rue Ibn Faris
249932004,NONE,3,5,"LINESTRING(-7.531583 33.614509, -7.531034 33.613342, -7.530943 33.613148, -7.530463 33.612073)",,,7.45,289,102,,,,,,2025-06-29T19:20:30.566Z,2025-06-29T19:22:43.689Z,MO,Casablanca - الدار البيضاء,Allée des Mimosas
247206584,NONE,2,5,"LINESTRING(-7.814351 33.526694, -7.812747 33.526743, -7.809897 33.526705, -7.809388 33.526747, -7.808719 33.526899, -7.805889 33.527579, -7.802971 33.528247, -7.80205 33.52846, -7.801281 33.52866, -7.80088 33.528815, -7.799317 33.529514)",Dar Bouazza - دار بوعزة,Dar Bouazza - دار بوعزة,20.06,1450,119,,,,,,2025-06-29T18:50:53.514Z,2025-06-29T19:22:45.255Z,MO,Dar Bouazza - دار بوعزة,P3012
248495048,NONE,2,5,"LINESTRING(-7.507583 33.583113, -7.509413 33.581957, -7.518317 33.57633)",,,17.31,1249,148,,,,,,2025-06-29T19:04:33.166Z,2025-06-29T19:22:43.361Z,MO,Casablanca - الدار البيضاء,Boulevard Mohamed Zefzaf
249518546,NONE,3,5,"LINESTRING(-7.636999 33.583685, -7.638438 33.584845, -7.639309 33.58558)",,,6.8,300,89,,,,,,2025-06-29T19:16:00.204Z,2025-06-29T19:22:44.227Z,MO,Casablanca - الدار البيضاء,Rue Ossama Ibnou Zaid
249722098,NONE,2,5,"LINESTRING(-7.477553 33.583243, -7.478685 33.58403, -7.479643 33.584674, -7.48054 33.585278, -7.482088 33.586321, -7.482981 33.586915, -7.483851 33.587487, -7.483847 33.587504, -7.483847 33.587521, -7.48385 33.587539, -7.483857 33.587555, -7.483859 33.587557)",,,22.54,759,32,,,,,,2025-06-29T19:18:15.422Z,2025-06-29T19:22:45.116Z,MO,Casablanca - الدار البيضاء,
1179902272,NONE,5,5,"LINESTRING(-7.725614 33.549205, -7.723756 33.547915, -7.72294 33.547303)",Casablanca - الدار البيضاء,Casablanca - الدار البيضاء,0.0,326,0,147694718,ROAD_CLOSED_EVENT,,2025-06-22T10:00:19.364Z,2025-05-26T21:08:00.000Z,2025-06-24T07:07:51.393Z,2025-06-29T19:22:46.995Z,MO,Casablanca - الدار البيضاء,Rocade Sud-Ouest
250093820,NONE,2,5,"LINESTRING(-7.560426 33.56156, -7.560351 33.561474, -7.560299 33.561421, -7.559287 33.562064, -7.557408 33.563253, -7.555878 33.564213, -7.555824 33.564332, -7.555691 33.564234, -7.55552 33.564183, -7.55538 33.56416, -7.555203 33.564158, -7.55496 33.564213, -7.554466 33.563673, -7.553239 33.562302, -7.552247 33.561174, -7.552049 33.560965, -7.55206 33.560946, -7.552066 33.560926, -7.552069 33.560906, -7.552067 33.560891, -7.552062 33.560871, -7.552053 33.560852, -7.55204 33.560835, -7.552024 33.56082, -7.552004 33.560807, -7.551983 33.560798, -7.551973 33.560795, -7.551949 33.56079, -7.551925 33.560789, -7.551901 33.560791, -7.551877 33.560797, -7.551852 33.560807, -7.551831 33.56082, -7.551812 33.560839, -7.5518 33.560859, -7.551792 33.560878, -7.551788 33.560898, -7.551788 33.560911, -7.551791 33.560931, -7.551798 33.56095, -7.55181 33.560968, -7.551825 33.560985, -7.551843 33.560998, -7.551863 33.561009, -7.551868 33.561011, -7.551891 33.561018, -7.551915 33.561022, -7.551939 33.561022, -7.551964 33.561019, -7.551976 33.561016, -7.551998 33.561007, -7.552018 33.560996, -7.552035 33.560981, -7.552049 33.560965)",,,21.6,1168,71,,,,,,2025-06-29T19:22:47.697Z,2025-06-29T19:22:47.697Z,MO,Casablanca - الدار البيضاء,
238773036,NONE,3,5,"LINESTRING(-7.516861 33.6282, -7.516972 33.628132, -7.517681 33.627682, -7.518872 33.626924, -7.520565 33.625854, -7.52106 33.625565, -7.522413 33.624915, -7.522521 33.624866, -7.523499 33.62441, -7.524093 33.624133, -7.525349 33.623548, -7.525651 33.623401, -7.526612 33.622932)",,,10.0,1079,297,,,,,,2025-06-29T17:37:21.996Z,2025-06-29T19:22:43.299Z,MO,Casablanca - الدار البيضاء,R322 - Route des Zenata
248336598,NONE,3,5,"LINESTRING(-7.529043 33.608687, -7.529512 33.609982, -7.529973 33.611227, -7.530255 33.611903)",,,9.41,374,107,,,,,,2025-06-29T19:02:14.337Z,2025-06-29T19:22:44.463Z,MO,Casablanca - الدار البيضاء,Allée des Mimosas
249179590,NONE,3,5,"LINESTRING(-7.81864 33.522926, -7.818736 33.521485, -7.818783 33.520719, -7.818882 33.519087, -7.818916 33.518521, -7.818941 33.518112, -7.818914 33.517896, -7.818845 33.51769, -7.818523 33.516886, -7.818468 33.516748, -7.818259 33.516218, -7.818101 33.515805, -7.818056 33.515697, -7.817852 33.515188, -7.817673 33.514705, -7.817587 33.514156, -7.817683 33.513914)",,,14.95,1021,161,,,,,,2025-06-29T19:11:27.732Z,2025-06-29T19:22:43.343Z,MO,Dar Bouazza - دار بوعزة,P3001
249349058,NONE,1,5,"LINESTRING(-7.530971 33.572446, -7.530747 33.572453, -7.525386 33.571113, -7.524823 33.570999, -7.52309 33.570785, -7.5227 33.570702, -7.522004 33.570487, -7.521781 33.570409, -7.520368 33.569927, -7.518895 33.569506)",,,27.36,1171,60,,,,,,2025-06-29T19:13:42.744Z,2025-06-29T19:22:44.782Z,MO,Casablanca - الدار البيضاء,P3010 - Boulevard Oqba Bnou Nafii
249740482,NONE,3,5,"LINESTRING(-7.527533 33.585085, -7.527418 33.585196, -7.526929 33.585751, -7.526878 33.585809, -7.526685 33.586009, -7.52622 33.58647, -7.525896 33.586663, -7.525766 33.586743, -7.525748 33.586739, -7.52573 33.586738, -7.525719 33.586738, -7.525701 33.586741, -7.525683 33.586747, -7.525668 33.586755, -7.525657 33.586762, -7.525645 33.586774, -7.525636 33.586787, -7.525629 33.586801, -7.525625 33.586816, -7.525625 33.586832, -7.525625 33.586835, -7.525525 33.586894, -7.524488 33.587382, -7.524035 33.587586, -7.524019 33.587583, -7.524003 33.587582, -7.523988 33.587583, -7.523972 33.587587, -7.523969 33.587588, -7.523955 33.587595, -7.523942 33.587603, -7.523932 33.587613, -7.523923 33.587624, -7.523917 33.587636, -7.523914 33.587649, -7.523914 33.587662, -7.523915 33.58767, -7.523918 33.587682, -7.523925 33.587695, -7.523934 33.587706, -7.523945 33.587715, -7.523955 33.587722, -7.523969 33.587728, -7.523984 33.587732, -7.524 33.587734, -7.524016 33.587733, -7.524032 33.587731, -7.524039 33.587728, -7.524053 33.587722, -7.524066 33.587714, -7.524077 33.587705, -7.524085 33.587694, -7.524091 33.587681)",,,12.68,475,75,,,,,,2025-06-29T19:18:14.002Z,2025-06-29T19:22:43.692Z,MO,Casablanca - الدار البيضاء,
230459550,NONE,2,5,"LINESTRING(-7.708887 33.570595, -7.709286 33.570139, -7.709795 33.569559, -7.710069 33.569246, -7.710414 33.568958, -7.71073 33.568754, -7.711052 33.568642, -7.711322 33.5686, -7.712005 33.56857, -7.712722 33.56857, -7.712906 33.56857, -7.713288 33.568569, -7.714147 33.568548, -7.714791 33.568477, -7.716543 33.568231, -7.717404 33.568021, -7.718955 33.567507, -7.720477 33.566924, -7.722534 33.565879, -7.723742 33.565049)",,,25.44,1576,118,,,,,,2025-06-29T16:33:39.828Z,2025-06-29T19:22:43.726Z,MO,Casablanca - الدار البيضاء,Boulevard Biarritz
202207534,SMALL,2,5,"LINESTRING(-7.767459 33.537194, -7.767527 33.537305, -7.767891 33.537923, -7.768058 33.538218, -7.768214 33.538496, -7.76874 33.539431, -7.768784 33.53951, -7.769577 33.540906, -7.769877 33.541399, -7.77008 33.541651, -7.770397 33.541866, -7.770726 33.541939, -7.771043 33.541933, -7.771362 33.541832, -7.772178 33.5414, -7.772902 33.541128, -7.774031 33.54072, -7.775957 33.539845, -7.776624 33.539384, -7.776965 33.539239, -7.777325 33.539105, -7.778349 33.538849, -7.778668 33.538769, -7.780704 33.538021, -7.782115 33.537368, -7.783203 33.536921, -7.783671 33.536732, -7.783892 33.536624, -7.785583 33.535514, -7.786122 33.53528, -7.789317 33.534428, -7.789712 33.534366, -7.790625 33.534222, -7.790825 33.534174, -7.791249 33.533999, -7.793117 33.533175, -7.794459 33.532548, -7.795507 33.532097, -7.795966 33.531866, -7.796199 33.531702, -7.796616 33.531402, -7.796716 33.531319, -7.796812 33.531225, -7.797341 33.530596)",,,28.01,3429,189,,,,,,2025-06-29T11:55:07.715Z,2025-06-29T19:22:44.510Z,MO,Dar Bouazza - دار بوعزة,P3012
244128170,NONE,2,5,"LINESTRING(-7.797341 33.530596, -7.797551 33.530383, -7.79774 33.530237, -7.799317 33.529514, -7.80088 33.528815, -7.801281 33.52866, -7.80205 33.52846, -7.802971 33.528247, -7.805889 33.527579, -7.808719 33.526899, -7.809388 33.526747, -7.809897 33.526705, -7.812747 33.526743, -7.814351 33.526694)",Dar Bouazza - دار بوعزة,Dar Bouazza - دار بوعزة,17.54,1671,193,,,,,,2025-06-29T18:20:54.453Z,2025-06-29T19:22:43.315Z,MO,Dar Bouazza - دار بوعزة,P3012
248294880,NONE,2,5,"LINESTRING(-7.641699 33.515656, -7.641923 33.515649, -7.642348 33.515583, -7.642933 33.515464, -7.643477 33.515349, -7.644618 33.515037, -7.644997 33.514927, -7.645473 33.514791, -7.645788 33.514719, -7.645947 33.514708, -7.646125 33.514708, -7.646255 33.514719, -7.646328 33.514725, -7.64685 33.514794, -7.647381 33.514863, -7.647643 33.514891, -7.647868 33.514896, -7.648083 33.514879, -7.648406 33.514829, -7.648726 33.514758, -7.649227 33.514598, -7.649535 33.514479, -7.650224 33.514183, -7.650291 33.514155, -7.650725 33.51393, -7.651523 33.513517, -7.651924 33.513343, -7.652066 33.513298, -7.652256 33.513266, -7.652489 33.513264, -7.652741 33.513312, -7.65291 33.513357, -7.653089 33.513409, -7.653256 33.513457, -7.653423 33.513505, -7.653827 33.513629, -7.654004 33.513685, -7.654348 33.513793)",,,17.77,1243,107,,,,,,2025-06-29T19:02:13.430Z,2025-06-29T19:22:43.682Z,MO,Casablanca - الدار البيضاء,P3022 - Route Sidi Massaoud
249928148,NONE,2,5,"LINESTRING(-7.675357 33.582491, -7.675654 33.582665, -7.675902 33.582776, -7.676004 33.582821, -7.676217 33.582912, -7.676693 33.583111, -7.67706 33.583301, -7.677264 33.583454, -7.677386 33.583571, -7.678588 33.585563, -7.678805 33.585847, -7.679261 33.586188, -7.681361 33.588067, -7.681793 33.58847)",,,16.92,912,115,,,,,,2025-06-29T19:20:30.458Z,2025-06-29T19:22:43.570Z,MO,Casablanca - الدار البيضاء,Boulevard de la Grande Ceinture
249722320,NONE,4,5,"LINESTRING(-7.496478 33.59063, -7.495987 33.589813, -7.495857 33.58969, -7.495621 33.58947)",,,3.27,152,119,,,,,,2025-06-29T19:18:18.294Z,2025-06-29T19:22:47.472Z,MO,Casablanca - الدار البيضاء,
239689084,MEDIUM,3,5,"LINESTRING(-7.84704 33.522045, -7.847408 33.521814, -7.847795 33.521501, -7.848324 33.521, -7.848672 33.520521, -7.849331 33.519388, -7.849816 33.518828, -7.850624 33.518214, -7.850983 33.517944, -7.851726 33.517518, -7.852287 33.517215, -7.854613 33.516094, -7.855473 33.515811, -7.856081 33.515611, -7.857569 33.51507, -7.858154 33.514913, -7.858936 33.514752, -7.859852 33.514581, -7.860569 33.514438, -7.862618 33.513934, -7.862723 33.513877, -7.862807 33.513787, -7.862832 33.513719, -7.862809 33.51365, -7.862558 33.513323, -7.862424 33.513188, -7.862147 33.513019, -7.86164 33.512788, -7.861052 33.512511, -7.860849 33.512383, -7.860684 33.512247, -7.860538 33.512089, -7.860458 33.511982, -7.858824 33.50959, -7.858402 33.509058, -7.858336 33.508947)",,,8.06,2494,843,,,,,,2025-06-29T17:44:22.204Z,2025-06-29T19:22:43.882Z,MO,Tamaris - طاماريس,P3012
250089694,NONE,3,5,"LINESTRING(-7.603976 33.583226, -7.604614 33.583718, -7.605119 33.584138, -7.605398 33.584427, -7.606108 33.585309)",,,9.04,306,74,,,,,,2025-06-29T19:22:45.402Z,2025-06-29T19:22:45.402Z,MO,Casablanca - الدار البيضاء,R315 - Boulevard Mohammed VI
250105042,NONE,3,5,"LINESTRING(-7.811564 33.51569, -7.811968 33.515641, -7.812664 33.515427, -7.812959 33.515337, -7.813243 33.515242, -7.814372 33.514864, -7.814648 33.514774, -7.815434 33.514542, -7.816808 33.514152, -7.816961 33.514136, -7.817126 33.514167, -7.817278 33.514223, -7.817382 33.514308, -7.817464 33.514389, -7.817673 33.514705)",,,16.83,627,82,,,,,,2025-06-29T19:22:45.145Z,2025-06-29T19:22:45.145Z,MO,Dar Bouazza - دار بوعزة,
1291178958,NONE,5,5,"LINESTRING(14.131671 49.936229, 14.13184 49.935706, 14.13185 49.935595)",,,0.0,72,0,149676060,ROAD_CLOSED_EVENT,Uzavřeno do 11.7.2025 (JSDI),2025-06-22T18:00:17.096Z,2025-06-23T06:00:00.000Z,2025-06-23T06:03:09.418Z,2025-06-29T19:22:44.695Z,EZ,Srbsko,Za Vodou
249567710,NONE,3,5,"LINESTRING(-7.47961 33.583097, -7.478991 33.583712, -7.478779 33.583932, -7.478685 33.58403, -7.4785 33.584238, -7.478802 33.584436, -7.479153 33.584659, -7.479463 33.584856, -7.479643 33.584674, -7.479736 33.584569, -7.478779 33.583932, -7.477631 33.58315, -7.47744 33.582971, -7.477439 33.582953, -7.477432 33.582917, -7.477418 33.582884, -7.477397 33.582852, -7.47737 33.582824, -7.477348 33.582808, -7.477313 33.582788, -7.477273 33.582774, -7.477232 33.582765, -7.477189 33.582762, -7.477146 33.582766, -7.477105 33.582776, -7.477082 33.582784, -7.477046 33.582803, -7.477014 33.582827, -7.476987 33.582855, -7.476966 33.582886, -7.476953 33.58292, -7.476947 33.582956, -7.476948 33.582992, -7.476957 33.583027, -7.47696 33.583036, -7.476978 33.583069, -7.477002 33.583098, -7.477033 33.583124, -7.477068 33.583145, -7.477106 33.58316, -7.477148 33.58317, -7.477155 33.583171, -7.477198 33.583173, -7.477241 33.58317, -7.477282 33.58316, -7.477313 33.583148)",,,10.36,713,74,,,,,,2025-06-29T19:15:59.442Z,2025-06-29T19:22:43.465Z,MO,Casablanca - الدار البيضاء,
250139304,NONE,3,5,"LINESTRING(-7.608157 33.562411, -7.60905 33.562331, -7.609193 33.562317, -7.612072 33.56205)",,,9.43,365,83,,,,,,2025-06-29T19:22:44.795Z,2025-06-29T19:22:44.795Z,MO,Casablanca - الدار البيضاء,Boulevard Modibo Keita
249682594,NONE,3,5,"LINESTRING(-7.704021 33.578258, -7.703179 33.58032, -7.703006 33.580592, -7.70276 33.58084, -7.702537 33.581004, -7.700523 33.582077, -7.700056 33.582288, -7.69982 33.582379, -7.699595 33.582448, -7.69935 33.582502, -7.6991 33.582533, -7.698696 33.582551, -7.698462 33.582545, -7.697094 33.582372, -7.696625 33.582345, -7.696183 33.582357, -7.695733 33.582399, -7.6953 33.582464, -7.693897 33.58275, -7.693124 33.58291, -7.692746 33.583006, -7.692351 33.583159, -7.691928 33.583345, -7.691 33.583832, -7.689432 33.584696, -7.688922 33.58498, -7.684002 33.587663, -7.68309 33.588156, -7.682743 33.58833, -7.682167 33.588593, -7.681997 33.588674, -7.681705 33.588819, -7.681029 33.589159, -7.680271 33.589528, -7.679982 33.589687, -7.678935 33.590374, -7.677633 33.591313, -7.677372 33.59146)",,,15.64,3015,410,,,,,,2025-06-29T19:18:13.475Z,2025-06-29T19:22:43.308Z,MO,Casablanca - الدار البيضاء,Boulevard de l'Océan Atlantique
249717924,NONE,2,5,"LINESTRING(-7.687065 33.554361, -7.68622 33.554829, -7.686138 33.554872, -7.685652 33.55514, -7.685297 33.555318, -7.684903 33.555519, -7.684532 33.55571, -7.684256 33.555843, -7.6834 33.556255, -7.682976 33.556475, -7.682447 33.556746, -7.682343 33.556816)",,,15.43,516,63,,,,,,2025-06-29T19:18:13.554Z,2025-06-29T19:22:43.398Z,MO,Casablanca - الدار البيضاء,Boulevard Oued Oum Rabii
152105048,NONE,5,5,"LINESTRING(14.630164 49.671341, 14.628839 49.671414, 14.62856 49.671449, 14.628336 49.671534)",,,0.0,135,0,96098433,ROAD_CLOSED_EVENT,Uzavřeno do 2.7.2025 (JSDI),2025-06-15T17:00:17.780Z,2025-06-16T05:00:00.000Z,2025-06-16T05:03:43.635Z,2025-06-29T19:22:43.708Z,EZ,Olbramovice,11447
250135458,NONE,3,5,"LINESTRING(-7.653545 33.560673, -7.654577 33.559469, -7.655254 33.558642, -7.655445 33.558389, -7.655505 33.558337)",,,8.05,316,89,,,,,,2025-06-29T19:22:44.437Z,2025-06-29T19:22:44.437Z,MO,Casablanca - الدار البيضاء,
249736878,NONE,3,5,"LINESTRING(-7.525538 33.558506, -7.526311 33.557945, -7.527489 33.557127)",,,6.84,237,91,,,,,,2025-06-29T19:18:15.395Z,2025-06-29T19:22:45.096Z,MO,Casablanca - الدار البيضاء,
249940144,NONE,3,5,"LINESTRING(-7.601987 33.575278, -7.601032 33.575526, -7.60096 33.575559, -7.600728 33.575662, -7.600322 33.575849, -7.599683 33.576195, -7.5994 33.576347)",,,6.76,269,101,,,,,,2025-06-29T19:20:33.282Z,2025-06-29T19:22:45.918Z,MO,Casablanca - الدار البيضاء,Rue des Abassides
250085298,NONE,2,5,"LINESTRING(-7.611591 33.573266, -7.612551 33.572849, -7.614124 33.572461, -7.615155 33.57226)",,,9.1,350,71,,,,,,2025-06-29T19:22:43.339Z,2025-06-29T19:22:43.339Z,MO,Casablanca - الدار البيضاء,Boulevard Moulay Idriss I
249291138,NONE,2,5,"LINESTRING(-7.499718 33.61575, -7.499851 33.616179, -7.501103 33.620883, -7.501303 33.621229, -7.501442 33.621438, -7.501569 33.621577, -7.501915 33.62185, -7.502124 33.621989, -7.502522 33.622178, -7.502934 33.622352, -7.503289 33.622501, -7.503421 33.622553, -7.506361 33.623738, -7.506685 33.623862)",,,23.24,1212,94,,,,,,2025-06-29T19:13:40.991Z,2025-06-29T19:22:43.464Z,MO,Casablanca - الدار البيضاء,Boulevard Al Bina
250097332,NONE,2,5,"LINESTRING(-7.626698 33.606625, -7.626865 33.606521, -7.628333 33.605943, -7.628619 33.605829, -7.629149 33.605614, -7.631956 33.604473, -7.632224 33.604364, -7.633281 33.60392)",,,16.34,682,60,,,,,,2025-06-29T19:22:43.994Z,2025-06-29T19:22:43.994Z,MO,Casablanca - الدار البيضاء,Rue Tiznit
249917368,NONE,4,5,"LINESTRING(-7.545495 33.573063, -7.545642 33.573316, -7.546374 33.573002, -7.546794 33.572821)",,,0.92,152,582,,,,,,2025-06-29T19:20:31.074Z,2025-06-29T19:22:44.344Z,MO,Casablanca - الدار البيضاء,
1314091022,NONE,5,5,"LINESTRING(-7.663982 33.555543, -7.664121 33.555586, -7.665261 33.555456)",,,0.0,121,0,144266476,ROAD_CLOSED_EVENT,,2025-06-21T17:00:16.918Z,2025-06-04T21:43:00.000Z,2025-06-23T09:24:44.541Z,2025-06-29T19:22:46.700Z,MO,Casablanca - الدار البيضاء,
248314536,NONE,3,5,"LINESTRING(-7.504979 33.596885, -7.504972 33.599997, -7.504952 33.600113)",,,7.8,358,120,,,,,,2025-06-29T19:02:14.232Z,2025-06-29T19:22:44.266Z,MO,Casablanca - الدار البيضاء,Boulevard Al Houcine Assoussi
250074752,NONE,3,5,"LINESTRING(-7.549276 33.558006, -7.549546 33.558302, -7.550256 33.559113, -7.550532 33.559433, -7.551348 33.560421, -7.551558 33.560655, -7.551792 33.560878)",,,10.38,396,92,,,,,,2025-06-29T19:22:42.985Z,2025-06-29T19:22:42.985Z,MO,Casablanca - الدار البيضاء,Avenue Colonel Driss El Allam
249141168,NONE,2,5,"LINESTRING(-7.603662 33.591121, -7.603616 33.592245, -7.603516 33.593406, -7.603505 33.593515, -7.603373 33.595751)",,,14.05,514,74,,,,,,2025-06-29T19:11:26.709Z,2025-06-29T19:22:44.049Z,MO,Casablanca - الدار البيضاء,Boulevard de la Résistance
1314057272,NONE,5,5,"LINESTRING(-7.515982 33.553227, -7.516136 33.553182, -7.51766 33.552231, -7.518317 33.551938, -7.518948 33.551727, -7.519632 33.55151, -7.520074 33.55135, -7.520694 33.551046, -7.521048 33.550818, -7.521391 33.550542, -7.521686 33.550247, -7.521922 33.549961, -7.522105 33.549697, -7.522284 33.549337, -7.522402 33.54902, -7.522464 33.548703)",Casablanca - الدار البيضاء,Casablanca - الدار البيضاء,0.0,820,0,147694885,ROAD_CLOSED_EVENT,,2025-06-22T10:00:20.482Z,2025-04-29T00:12:00.000Z,2025-06-23T09:24:47.713Z,2025-06-29T19:22:47.303Z,MO,Casablanca - الدار البيضاء,Autoroute Tit Mellil - Berrechid
248336806,NONE,2,5,"LINESTRING(-7.668747 33.561722, -7.668635 33.561772, -7.668129 33.561989, -7.666637 33.562612, -7.665271 33.563153, -7.665155 33.563184, -7.664541 33.563433, -7.664446 33.563477, -7.663499 33.563846, -7.661075 33.56476, -7.660031 33.565128, -7.659749 33.565231, -7.659461 33.565361, -7.659161 33.565527, -7.658399 33.565978, -7.656947 33.566796, -7.656735 33.56684)",,,16.84,1256,149,,,,,,2025-06-29T19:02:16.201Z,2025-06-29T19:22:44.236Z,MO,Casablanca - الدار البيضاء,Boulevard Moulay Abdellah Cherif
780172268,NONE,5,5,"LINESTRING(-7.722814 33.547362, -7.723676 33.548005, -7.725175 33.54902)",Casablanca - الدار البيضاء,Casablanca - الدار البيضاء,0.0,286,0,130541985,ROAD_CLOSED_EVENT,,2025-06-19T15:00:16.701Z,2025-05-26T21:08:00.000Z,2025-06-19T15:03:10.778Z,2025-06-29T19:22:47.015Z,MO,Casablanca - الدار البيضاء,Rocade Sud-Ouest
250120838,NONE,3,5,"LINESTRING(-7.649105 33.5663, -7.651 33.567084)",,,3.0,196,169,,,,,,2025-06-29T19:22:45.587Z,2025-06-29T19:22:45.587Z,MO,Casablanca - الدار البيضاء,Rue Al Oukhouane
249717906,NONE,2,5,"LINESTRING(-7.593368 33.563105, -7.593861 33.562949, -7.594826 33.562728, -7.595028 33.562681, -7.597101 33.562218, -7.597108 33.562218, -7.598419 33.561937, -7.599372 33.561895, -7.600582 33.561932)",,,14.23,688,95,,,,,,2025-06-29T19:18:13.360Z,2025-06-29T19:22:43.329Z,MO,Casablanca - الدار البيضاء,Boulevard Abou Chaib Doukkali
249560494,NONE,3,5,"LINESTRING(-7.650384 33.526075, -7.649928 33.52671, -7.649584 33.527363, -7.649327 33.527851, -7.64916 33.528255, -7.648973 33.52882, -7.648668 33.529784, -7.648367 33.530743, -7.648282 33.530977, -7.648195 33.531173, -7.648074 33.53141)",,,13.07,633,116,,,,,,2025-06-29T19:16:00.265Z,2025-06-29T19:22:44.159Z,MO,Casablanca - الدار البيضاء,P3007 - Avenue Abou Bakr El Kadiri
249702294,NONE,4,5,"LINESTRING(-7.686101 33.5829, -7.686509 33.582951, -7.686773 33.583014, -7.687098 33.583114, -7.68744 33.583263, -7.687546 33.58332, -7.688288 33.58381, -7.688771 33.58434, -7.688999 33.584716, -7.689002 33.584813, -7.688985 33.584879, -7.688922 33.58498)",,,6.8,382,160,,,,,,2025-06-29T19:18:14.504Z,2025-06-29T19:22:44.125Z,MO,Casablanca - الدار البيضاء,Allée du Golfe Arabique
249732758,NONE,3,5,"LINESTRING(-7.66622 33.570267, -7.667623 33.570347, -7.667966 33.570396, -7.668157 33.570487, -7.668316 33.570617, -7.668559 33.570862, -7.668965 33.571486, -7.669024 33.571578, -7.669105 33.571717, -7.669622 33.572579, -7.669901 33.573022, -7.670048 33.573214, -7.67023 33.573408, -7.670511 33.573634, -7.670796 33.573832)",,,11.45,633,132,,,,,,2025-06-29T19:18:14.178Z,2025-06-29T19:22:43.965Z,MO,Casablanca - الدار البيضاء,Boulevard Sidi Abderrahmane
249352874,NONE,3,5,"LINESTRING(-7.506335 33.58646, -7.506212 33.586544, -7.506838 33.587856, -7.50712 33.588416, -7.506609 33.588599, -7.506033 33.588798, -7.505187 33.589085, -7.50589 33.590481, -7.50614 33.590979)",,,12.01,662,118,,,,,,2025-06-29T19:13:42.363Z,2025-06-29T19:22:45.130Z,MO,Casablanca - الدار البيضاء,
248529576,NONE,3,5,"LINESTRING(-7.644441 33.558479, -7.644575 33.55995, -7.64458 33.560251, -7.64442 33.563081, -7.644398 33.563366, -7.644393 33.563519)",,,12.01,561,105,,,,,,2025-06-29T19:04:32.931Z,2025-06-29T19:22:42.898Z,MO,Casablanca - الدار البيضاء,Route d'El Jadida
249931934,NONE,2,5,"LINESTRING(-7.635533 33.585037, -7.635818 33.584776, -7.6361 33.584513, -7.636375 33.584248, -7.636667 33.583988, -7.636999 33.583685, -7.637307 33.583406, -7.637566 33.583154, -7.63788 33.582874, -7.638155 33.582614, -7.638739 33.582075, -7.639102 33.581704, -7.639223 33.581579)",,,10.36,515,77,,,,,,2025-06-29T19:20:29.924Z,2025-06-29T19:22:42.976Z,MO,Casablanca - الدار البيضاء,Rue Ahmed Al Joumari
250081690,NONE,3,5,"LINESTRING(-7.599627 33.567622, -7.599522 33.567667, -7.599248 33.567718, -7.598956 33.56773, -7.598672 33.567753, -7.598412 33.567774, -7.598131 33.567803, -7.597857 33.567833, -7.597562 33.567855, -7.597239 33.567869, -7.596851 33.567901, -7.596782 33.567906, -7.596273 33.567948, -7.59595 33.567973)",,,7.32,343,116,,,,,,2025-06-29T19:22:43.692Z,2025-06-29T19:22:43.692Z,MO,Casablanca - الدار البيضاء,Rue 68
250124694,NONE,2,5,"LINESTRING(-7.49449 33.58737, -7.495116 33.587102, -7.49729 33.586112)",,,7.17,295,68,,,,,,2025-06-29T19:22:45.831Z,2025-06-29T19:22:45.831Z,MO,Casablanca - الدار البيضاء,
249499228,NONE,3,5,"LINESTRING(-7.683099 33.565358, -7.682757 33.565489, -7.682429 33.565633, -7.681996 33.565823, -7.681755 33.56593, -7.681463 33.56606, -7.681296 33.566133, -7.68079 33.566359, -7.679805 33.566814, -7.679022 33.567151, -7.678747 33.567269, -7.678202 33.567511, -7.677161 33.567968, -7.676882 33.568092, -7.676448 33.568283, -7.676029 33.568469, -7.675933 33.568511, -7.675571 33.568674, -7.675342 33.568777)",,,10.57,811,183,,,,,,2025-06-29T19:15:59.450Z,2025-06-29T19:22:43.526Z,MO,Casablanca - الدار البيضاء,Boulevard Ibn Sina
249107034,NONE,2,5,"LINESTRING(-7.849551 33.513872, -7.849504 33.514436, -7.849772 33.514792, -7.849905 33.515, -7.850233 33.515512, -7.850807 33.516263, -7.851191 33.516742, -7.85143 33.517158, -7.851726 33.517518)",,,8.98,462,73,,,,,,2025-06-29T19:11:26.026Z,2025-06-29T19:22:43.398Z,MO,Dar Bouazza - دار بوعزة,
250127980,NONE,3,5,"LINESTRING(-7.553753 33.552037, -7.554067 33.551744, -7.554863 33.551032, -7.555552 33.55041, -7.556236 33.549781)",,,9.47,340,75,,,,,,2025-06-29T19:22:43.645Z,2025-06-29T19:22:43.645Z,MO,Casablanca - الدار البيضاء,
250135660,NONE,3,5,"LINESTRING(-7.575118 33.536022, -7.574622 33.5362, -7.574492 33.536264, -7.57342 33.536904, -7.573505 33.53707, -7.574649 33.536375, -7.574896 33.536256, -7.575146 33.536181)",,,11.13,388,76,,,,,,2025-06-29T19:22:46.991Z,2025-06-29T19:22:46.991Z,MO,Casablanca - الدار البيضاء,Boulevard Mekdad Lahrizi
249928300,NONE,2,5,"LINESTRING(-7.859852 33.514581, -7.858936 33.514752, -7.858154 33.514913, -7.857569 33.51507, -7.856081 33.515611, -7.855473 33.515811, -7.854613 33.516094, -7.852287 33.517215, -7.851726 33.517518, -7.850983 33.517944, -7.850624 33.518214, -7.849816 33.518828, -7.849331 33.519388, -7.848672 33.520521, -7.848324 33.521, -7.847795 33.521501, -7.847408 33.521814, -7.84704 33.522045, -7.84682 33.522148, -7.846502 33.522275, -7.846096 33.522376, -7.845307 33.522472, -7.844819 33.522551, -7.844561 33.522636, -7.843817 33.522911, -7.84267 33.523376, -7.841994 33.523679)",,,19.0,2010,173,,,,,,2025-06-29T19:20:31.253Z,2025-06-29T19:22:44.483Z,MO,Dar Bouazza - دار بوعزة,P3012
249910126,NONE,4,5,"LINESTRING(-7.489257 33.623663, -7.48816 33.621998, -7.488139 33.621869, -7.488151 33.621761, -7.488133 33.62162, -7.487041 33.620148)",,,8.3,445,153,,,,,,2025-06-29T19:20:34.736Z,2025-06-29T19:22:44.337Z,MO,Casablanca - الدار البيضاء,Boulevard Imam Eleyt Ibn Saad
250078570,NONE,3,5,"LINESTRING(-7.680536 33.545095, -7.680119 33.545249, -7.67964 33.545426, -7.679203 33.545589, -7.678957 33.545204, -7.678554 33.544562, -7.678332 33.544232, -7.678121 33.543883, -7.677748 33.543307, -7.677518 33.543408, -7.677083 33.543613, -7.676805 33.54374)",,,9.89,520,66,,,,,,2025-06-29T19:22:44.179Z,2025-06-29T19:22:44.179Z,MO,Casablanca - الدار البيضاء,
250112870,NONE,3,5,"LINESTRING(-7.519853 33.602188, -7.51982 33.602308, -7.51945 33.603725, -7.519372 33.604015, -7.519307 33.604252, -7.519229 33.604545, -7.518922 33.605743, -7.518786 33.606315)",,,12.89,469,86,,,,,,2025-06-29T19:22:43.724Z,2025-06-29T19:22:43.724Z,MO,Casablanca - الدار البيضاء,Boulevard Moulay Mohamed Al Baamrani
249686638,NONE,3,5,"LINESTRING(-7.676448 33.568283, -7.676882 33.568092, -7.677161 33.567968, -7.678202 33.567511, -7.678747 33.567269, -7.679022 33.567151, -7.679805 33.566814, -7.68079 33.566359, -7.681296 33.566133, -7.681463 33.56606, -7.681755 33.56593, -7.681996 33.565823, -7.682429 33.565633, -7.682757 33.565489, -7.683099 33.565358, -7.683214 33.565316)",,,7.0,707,282,,,,,,2025-06-29T19:18:13.400Z,2025-06-29T19:22:43.002Z,MO,Casablanca - الدار البيضاء,Boulevard Ibn Sina
245823028,NONE,3,5,"LINESTRING(-7.71066 33.542912, -7.708378 33.544196, -7.708369 33.544203, -7.706635 33.545195, -7.703456 33.547012, -7.701264 33.548226)",,,11.27,1053,251,,,,,,2025-06-29T18:37:08.364Z,2025-06-29T19:22:50.931Z,MO,Casablanca - الدار البيضاء,P3014 - Boulevard Moulay Thami
250104956,NONE,3,5,"LINESTRING(-7.643167 33.562758, -7.644393 33.563519, -7.644535 33.563619)",,,3.25,159,100,,,,,,2025-06-29T19:22:44.222Z,2025-06-29T19:22:44.222Z,MO,Casablanca - الدار البيضاء,Avenue Abderrahim Bouabid
1112644038,NONE,5,5,"LINESTRING(-7.659823 33.581658, -7.659736 33.582763, -7.659781 33.58293)",,,0.0,142,0,155426671,ROAD_CLOSED_EVENT,,2025-06-23T17:00:23.147Z,2025-05-07T18:27:00.000Z,2025-06-23T17:04:52.782Z,2025-06-29T19:22:46.138Z,MO,Casablanca - الدار البيضاء,Rue Al Farabi
1765557924,NONE,5,5,"LINESTRING(-7.723145 33.548817, -7.72212 33.549684, -7.721884 33.549934, -7.721623 33.550142, -7.72121 33.550427, -7.720556 33.550786, -7.720239 33.551005, -7.71958 33.551555, -7.719456 33.551702, -7.719349 33.551781)",Casablanca - الدار البيضاء,Casablanca - الدار البيضاء,0.0,484,0,155425720,ROAD_CLOSED_EVENT,,2025-06-23T17:00:15.120Z,2025-05-20T22:51:00.000Z,2025-06-26T02:40:27.798Z,2025-06-29T19:22:46.126Z,MO,Casablanca - الدار البيضاء,
250120820,NONE,2,5,"LINESTRING(-7.674622 33.531049, -7.674267 33.531287, -7.673494 33.531744, -7.672929 33.532079, -7.672801 33.532154, -7.671592 33.532868, -7.67076 33.533361, -7.670477 33.533596, -7.670262 33.533715, -7.669963 33.53381, -7.669589 33.534018)",,,16.05,573,78,,,,,,2025-06-29T19:22:45.304Z,2025-06-29T19:22:45.304Z,MO,Casablanca - الدار البيضاء,N1 - Route d'El Jadida
234215508,NONE,4,5,"LINESTRING(-7.822633 33.51198, -7.822433 33.512068, -7.820764 33.512729, -7.819622 33.51314, -7.818128 33.513573, -7.817768 33.513638)",,,6.57,490,234,,,,,,2025-06-29T17:02:09.340Z,2025-06-29T19:22:45.946Z,MO,Dar Bouazza - دار بوعزة,R320
239696106,NONE,3,5,"LINESTRING(-7.685975 33.559636, -7.685358 33.560292, -7.683695 33.562572, -7.683385 33.563082, -7.683305 33.563274, -7.683215 33.563564, -7.683039 33.564246, -7.683031 33.564322, -7.683016 33.564673, -7.683034 33.565002, -7.683099 33.565358, -7.683183 33.565758, -7.683297 33.566106, -7.683703 33.566854, -7.683897 33.56716, -7.684276 33.567825, -7.684429 33.568087, -7.684623 33.568388, -7.685007 33.568857, -7.685773 33.5698, -7.687244 33.572055)",,,10.77,1550,373,,,,,,2025-06-29T17:44:20.965Z,2025-06-29T19:22:42.922Z,MO,Casablanca - الدار البيضاء,Route Sidi Al Khadir
211293246,MEDIUM,3,5,"LINESTRING(-7.790825 33.534174, -7.790625 33.534222, -7.789712 33.534366, -7.789317 33.534428, -7.786122 33.53528, -7.785583 33.535514, -7.783892 33.536624, -7.783671 33.536732, -7.783203 33.536921, -7.782115 33.537368, -7.780704 33.538021, -7.778668 33.538769, -7.778349 33.538849, -7.777325 33.539105, -7.776965 33.539239, -7.776624 33.539384, -7.775957 33.539845, -7.774031 33.54072, -7.772902 33.541128, -7.772178 33.5414, -7.771362 33.541832, -7.771043 33.541933, -7.770726 33.541939, -7.770397 33.541866, -7.77008 33.541651, -7.769877 33.541399, -7.769577 33.540906, -7.768784 33.53951, -7.76874 33.539431, -7.768214 33.538496, -7.768058 33.538218, -7.767891 33.537923, -7.767527 33.537305)",,,10.66,2682,686,,,,,,2025-06-29T13:35:15.325Z,2025-06-29T19:22:43.324Z,MO,Dar Bouazza - دار بوعزة,P3012
249932354,NONE,3,5,"LINESTRING(-7.716543 33.568231, -7.71643 33.568023, -7.715961 33.567811, -7.715912 33.56773, -7.715915 33.567629, -7.716368 33.567191, -7.71639 33.567113, -7.716366 33.567031, -7.716214 33.566863)",,,5.44,202,93,,,,,,2025-06-29T19:20:33.545Z,2025-06-29T19:22:46.524Z,MO,Casablanca - الدار البيضاء,
248730238,NONE,2,5,"LINESTRING(-7.639323 33.536634, -7.63942 33.537199, -7.640249 33.539616, -7.64024 33.53965, -7.640238 33.539668, -7.64024 33.539703, -7.640249 33.539738, -7.640253 33.539746, -7.640271 33.539778, -7.640295 33.539807, -7.640321 33.539828, -7.640632 33.540761, -7.64062 33.540801, -7.640617 33.540843, -7.640617 33.540846, -7.640624 33.540886, -7.640638 33.540927, -7.640654 33.540953, -7.640682 33.540988, -7.640714 33.541016, -7.640754 33.541041, -7.640799 33.541058, -7.640847 33.541071, -7.640897 33.541075, -7.640947 33.541072, -7.640995 33.541064, -7.641041 33.541047, -7.641083 33.541024, -7.641119 33.540995, -7.641135 33.540979, -7.641161 33.540944, -7.641179 33.540905, -7.641189 33.540864, -7.641191 33.540822, -7.641181 33.540768, -7.641158 33.540725, -7.641131 33.540689, -7.641096 33.540658, -7.641073 33.540644, -7.641031 33.540622, -7.641021 33.540618, -7.640974 33.540605, -7.640688 33.539782, -7.640703 33.539758, -7.640717 33.539724, -7.640723 33.53969, -7.640722 33.539655, -7.640717 33.539631)",,,17.05,714,66,,,,,,2025-06-29T19:06:56.489Z,2025-06-29T19:22:46.673Z,MO,Casablanca - الدار البيضاء,
204627612,NONE,2,5,"LINESTRING(-7.677696 33.591404, -7.678998 33.590448, -7.680015 33.589771, -7.68032 33.589601, -7.681129 33.589206, -7.682078 33.588759, -7.682253 33.588677, -7.683174 33.588237, -7.689461 33.584769, -7.691049 33.58389, -7.691981 33.583395, -7.692399 33.583213, -7.692775 33.583069, -7.693167 33.58297, -7.695318 33.58253, -7.695763 33.582466, -7.696197 33.58242, -7.696632 33.582407, -7.697073 33.582426, -7.698445 33.5826, -7.698701 33.582612, -7.699118 33.582588, -7.69936 33.582562, -7.699609 33.582509, -7.699855 33.582435, -7.700082 33.582349, -7.700568 33.582131, -7.702584 33.581063, -7.702808 33.580891, -7.703064 33.580631, -7.703237 33.58036, -7.703594 33.579486, -7.704221 33.578052, -7.704371 33.577803)",,,21.68,3048,269,,,,,,2025-06-29T12:22:48.382Z,2025-06-29T19:22:43.383Z,MO,Casablanca - الدار البيضاء,Boulevard de l'Océan Atlantique
250097222,NONE,2,5,"LINESTRING(-7.547092 33.563868, -7.54887 33.562834, -7.550558 33.561853, -7.551641 33.56118, -7.551915 33.561022)",,,12.58,548,95,,,,,,2025-06-29T19:22:42.981Z,2025-06-29T19:22:42.981Z,MO,Casablanca - الدار البيضاء,Boulevard Commandant Driss Al Harti
249721938,NONE,3,5,"LINESTRING(-7.584887 33.547237, -7.584231 33.546432, -7.58252 33.544534, -7.582461 33.544469, -7.581437 33.543259, -7.581431 33.543261, -7.581351 33.543155, -7.580843 33.542561, -7.580232 33.541812, -7.580104 33.541663, -7.579698 33.541165, -7.579633 33.541079)",,,13.64,839,132,,,,,,2025-06-29T19:18:13.520Z,2025-06-29T19:22:43.287Z,MO,Casablanca - الدار البيضاء,Boulevard Mohammed VI
1765549964,NONE,5,5,"LINESTRING(-7.719349 33.551781, -7.719456 33.551702, -7.71958 33.551555, -7.720239 33.551005, -7.720556 33.550786, -7.72121 33.550427, -7.721623 33.550142, -7.721884 33.549934, -7.72212 33.549684, -7.723145 33.548817)",Casablanca - الدار البيضاء,Casablanca - الدار البيضاء,0.0,484,0,147037172,ROAD_CLOSED_EVENT,,2025-06-22T07:00:11.286Z,2025-05-20T22:51:00.000Z,2025-06-26T02:40:25.589Z,2025-06-29T19:22:45.744Z,MO,Casablanca - الدار البيضاء,
250135384,NONE,1,5,"LINESTRING(-7.831333 33.528948, -7.830704 33.529272, -7.830417 33.529473, -7.830024 33.529833, -7.829658 33.530202, -7.829067 33.530849, -7.828971 33.530941, -7.82882 33.531077, -7.828475 33.531385, -7.827568 33.53233, -7.827462 33.532406, -7.827378 33.532446, -7.827154 33.53249, -7.827045 33.5325, -7.826837 33.532494, -7.826672 33.532513, -7.826488 33.532584, -7.826401 33.532637, -7.826004 33.532974, -7.825847 33.533057, -7.825764 33.533084, -7.825688 33.533096, -7.825527 33.533104, -7.825441 33.533099, -7.824317 33.532956, -7.824116 33.532901, -7.823926 33.532801)",,,19.71,889,61,,,,,,2025-06-29T19:22:43.602Z,2025-06-29T19:22:43.602Z,MO,Dar Bouazza - دار بوعزة,P3012
1198252760,NONE,5,5,"LINESTRING(-7.659781 33.58293, -7.659736 33.582763, -7.659823 33.581658)",,,0.0,142,0,161231068,ROAD_CLOSED_EVENT,,2025-06-24T10:00:16.546Z,2025-05-07T18:27:00.000Z,2025-06-24T10:04:24.027Z,2025-06-29T19:22:46.139Z,MO,Casablanca - الدار البيضاء,Rue Al Farabi
246789382,NONE,2,5,"LINESTRING(-7.595463 33.565191, -7.595028 33.562681, -7.594999 33.562518, -7.594758 33.561222, -7.594665 33.560669, -7.594577 33.560146, -7.594325 33.558582, -7.594123 33.557583, -7.594091 33.557424)",,,19.47,871,79,,,,,,2025-06-29T18:46:23.809Z,2025-06-29T19:22:45.333Z,MO,Casablanca - الدار البيضاء,R315 - Boulevard Mohammed VI
249387626,NONE,3,5,"LINESTRING(-7.655343 33.578705, -7.653393 33.576855, -7.65339 33.57685)",,,6.03,274,124,,,,,,2025-06-29T19:13:45.615Z,2025-06-29T19:22:47.351Z,MO,Casablanca - الدار البيضاء,Boulevard Ghandi
249579352,NONE,2,5,"LINESTRING(-7.498684 33.59178, -7.498744 33.592731, -7.498753 33.593052, -7.498748 33.594319, -7.498745 33.595019, -7.498744 33.595305, -7.498729 33.598581)",,,16.58,756,84,,,,,,2025-06-29T19:16:00.174Z,2025-06-29T19:22:43.726Z,MO,Casablanca - الدار البيضاء,Boulevard Mohamed Zefzaf
248549226,NONE,2,5,"LINESTRING(-7.738226 33.549419, -7.737526 33.548226, -7.737381 33.548035, -7.737237 33.54789, -7.736722 33.547555, -7.73629 33.547233, -7.735053 33.545574, -7.734951 33.545478, -7.734809 33.545397, -7.734664 33.545339, -7.734081 33.545178)",Casablanca - الدار البيضاء,Casablanca - الدار البيضاء,7.11,627,160,,,,,,2025-06-29T19:04:34.570Z,2025-06-29T19:22:44.263Z,MO,Casablanca - الدار البيضاء,
243864884,NONE,2,5,"LINESTRING(-7.532426 33.620223, -7.532185 33.620376, -7.531787 33.620552, -7.530873 33.620979, -7.529672 33.621531, -7.526827 33.622833, -7.526612 33.622932, -7.525651 33.623401, -7.525349 33.623548, -7.524093 33.624133, -7.523499 33.62441, -7.522521 33.624866, -7.522413 33.624915)",,,20.26,1064,98,,,,,,2025-06-29T18:18:35.355Z,2025-06-29T19:22:43.944Z,MO,Casablanca - الدار البيضاء,R322 - Route des Zenata
249145444,NONE,3,5,"LINESTRING(-7.664947 33.597402, -7.665201 33.597339, -7.665353 33.597278, -7.665509 33.597184, -7.665944 33.596836, -7.666829 33.596115, -7.667586 33.595698, -7.667951 33.595573)",,,8.28,349,102,,,,,,2025-06-29T19:11:28.063Z,2025-06-29T19:22:45.055Z,MO,Casablanca - الدار البيضاء,Boulevard de la Corniche
248340336,NONE,3,5,"LINESTRING(-7.69524 33.54161, -7.69597 33.540833, -7.696069 33.540732, -7.69656 33.540208, -7.696736 33.539923, -7.696764 33.539868, -7.696806 33.539689, -7.696806 33.539465, -7.696775 33.539263, -7.696584 33.538879, -7.696328 33.538362, -7.696122 33.537931, -7.696491 33.537799)",,,8.29,505,143,,,,,,2025-06-29T19:02:13.065Z,2025-06-29T19:22:43.576Z,MO,Casablanca - الدار البيضاء,
245799012,NONE,3,5,"LINESTRING(-7.596395 33.570686, -7.596836 33.571554, -7.597009 33.571894, -7.597085 33.572039, -7.597304 33.572468, -7.597924 33.573805, -7.598404 33.574812, -7.598629 33.575295, -7.599026 33.57612, -7.599206 33.576449, -7.599862 33.577624, -7.600155 33.578131, -7.600925 33.579538, -7.60104 33.579697, -7.601391 33.580203, -7.602371 33.581919, -7.602626 33.582196)",,,14.62,1406,205,,,,,,2025-06-29T18:37:00.494Z,2025-06-29T19:22:44.140Z,MO,Casablanca - الدار البيضاء,R315 - Boulevard Mohammed VI
249905954,NONE,3,5,"LINESTRING(-7.5994 33.576347, -7.599683 33.576195, -7.600322 33.575849, -7.600728 33.575662, -7.60096 33.575559, -7.601032 33.575526, -7.601987 33.575278)",,,6.94,269,107,,,,,,2025-06-29T19:20:31.804Z,2025-06-29T19:22:44.699Z,MO,Casablanca - الدار البيضاء,Rue des Abassides
249748266,NONE,3,5,"LINESTRING(-7.558449 33.579472, -7.560048 33.579924, -7.560286 33.579991, -7.563652 33.580937, -7.563865 33.580996)",,,10.8,531,125,,,,,,2025-06-29T19:18:14.302Z,2025-06-29T19:22:44.120Z,MO,Casablanca - الدار البيضاء,P3010 - Boulevard Oqba Bnou Nafii
249940014,NONE,4,5,"LINESTRING(-7.517168 33.610299, -7.517106 33.6102, -7.517078 33.610089, -7.517175 33.609873, -7.517242 33.609729, -7.517286 33.609541, -7.516318 33.60934, -7.51647 33.608829)",,,5.22,239,130,,,,,,2025-06-29T19:20:32.548Z,2025-06-29T19:22:45.702Z,MO,Casablanca - الدار البيضاء,
249725486,NONE,2,5,"LINESTRING(-7.507058 33.610198, -7.507542 33.610431, -7.507911 33.610533, -7.508158 33.610564, -7.508435 33.610578, -7.508698 33.610535, -7.50905 33.610461, -7.510739 33.609934, -7.511082 33.609818, -7.511367 33.609699, -7.511719 33.609554, -7.512214 33.609342, -7.512298 33.609305, -7.513371 33.60883, -7.514079 33.608517, -7.514545 33.608315, -7.51537 33.60795, -7.516357 33.607516)",,,13.86,950,136,,,,,,2025-06-29T19:18:13.513Z,2025-06-29T19:22:43.319Z,MO,Casablanca - الدار البيضاء,Boulevard Abou Dar Al Ghifari
249755950,NONE,3,5,"LINESTRING(-7.578758 33.544829, -7.581106 33.543458)",,,5.44,266,142,,,,,,2025-06-29T19:18:17.098Z,2025-06-29T19:22:46.217Z,MO,Casablanca - الدار البيضاء,Boulevard Commandant Driss Al Harti
250135334,NONE,4,5,"LINESTRING(-7.700177 33.571285, -7.700435 33.573538)",,,7.52,251,100,,,,,,2025-06-29T19:22:43.267Z,2025-06-29T19:22:43.267Z,MO,Casablanca - الدار البيضاء,Route de Sidi Abderrahmane
249379346,NONE,2,5,"LINESTRING(-7.554924 33.578341, -7.553694 33.577998, -7.553489 33.577936, -7.551433 33.577355, -7.549634 33.57685, -7.548952 33.576683, -7.546766 33.576215, -7.546553 33.576169)",,,18.74,813,78,,,,,,2025-06-29T19:13:41.636Z,2025-06-29T19:22:43.884Z,MO,Casablanca - الدار البيضاء,P3010 - Boulevard Oqba Bnou Nafii
1698552044,NONE,5,5,"LINESTRING(-7.664561 33.554491, -7.665542 33.554794)",,,0.0,97,0,147037030,ROAD_CLOSED_EVENT,,2025-06-22T07:00:10.552Z,2025-06-04T21:43:00.000Z,2025-06-27T02:40:13.755Z,2025-06-29T19:22:46.724Z,MO,Casablanca - الدار البيضاء,
250093370,NONE,4,5,"LINESTRING(-7.668603 33.540576, -7.668304 33.540461, -7.667798 33.540256, -7.667299 33.540049, -7.666724 33.5398)",,,5.55,195,103,,,,,,2025-06-29T19:22:42.923Z,2025-06-29T19:22:42.923Z,MO,Casablanca - الدار البيضاء,P3018 - Boulevard Laymoune
1698552046,NONE,5,5,"LINESTRING(-7.665542 33.554794, -7.664561 33.554491)",,,0.0,97,0,144264842,ROAD_CLOSED_EVENT,,2025-06-21T17:00:10.756Z,2025-06-04T21:43:00.000Z,2025-06-27T02:40:13.760Z,2025-06-29T19:22:46.724Z,MO,Casablanca - الدار البيضاء,
1112270744,NONE,5,5,"LINESTRING(-7.665261 33.555456, -7.664121 33.555586, -7.663982 33.555543)",,,0.0,121,0,155425179,ROAD_CLOSED_EVENT,,2025-06-23T17:00:10.257Z,2025-06-04T21:43:00.000Z,2025-06-23T17:02:30.712Z,2025-06-29T19:22:46.700Z,MO,Casablanca - الدار البيضاء,
235363026,NONE,2,5,"LINESTRING(-7.673595 33.57728, -7.673468 33.577093, -7.673262 33.576823, -7.672897 33.576373, -7.672683 33.576067, -7.672467 33.575755, -7.672233 33.575423, -7.672034 33.575116, -7.671817 33.574781, -7.671598 33.574444, -7.671252 33.573958, -7.670986 33.573717, -7.670404 33.573306, -7.670227 33.573124, -7.670082 33.572935, -7.669792 33.572507, -7.669169 33.571484, -7.669137 33.571432, -7.668874 33.570975, -7.668729 33.570773, -7.668453 33.570484, -7.668116 33.570241, -7.668018 33.570203)",,,16.71,950,98,,,,,,2025-06-29T17:11:35.661Z,2025-06-29T19:22:43.318Z,MO,Casablanca - الدار البيضاء,Boulevard Sidi Abderrahmane
250081842,NONE,2,5,"LINESTRING(-7.528202 33.540106, -7.530477 33.539484, -7.534127 33.538472, -7.538861 33.537081)",,,19.26,1045,103,,,,,,2025-06-29T19:22:44.693Z,2025-06-29T19:22:44.693Z,MO,Lahraouyine - الهراويين,
249690678,NONE,2,5,"LINESTRING(-7.58401 33.543619, -7.584628 33.543279, -7.584763 33.543216, -7.58488 33.543177, -7.585287 33.543087, -7.585398 33.543073, -7.586111 33.542906, -7.58641 33.542861, -7.586672 33.542786, -7.587703 33.542568, -7.58797 33.54253, -7.588172 33.542488, -7.588266 33.542464, -7.59003 33.542077, -7.590233 33.542051, -7.590445 33.542009)",,,16.26,628,79,,,,,,2025-06-29T19:18:14.046Z,2025-06-29T19:22:43.657Z,MO,Casablanca - الدار البيضاء,Boulevard El Qods
238447062,NONE,2,5,"LINESTRING(-7.718955 33.567507, -7.717404 33.568021, -7.716543 33.568231, -7.714791 33.568477, -7.714147 33.568548, -7.713288 33.568569, -7.712906 33.56857, -7.712722 33.56857, -7.712005 33.56857, -7.711322 33.5686, -7.711052 33.568642, -7.71073 33.568754, -7.710414 33.568958, -7.710069 33.569246, -7.709795 33.569559, -7.709286 33.570139, -7.708887 33.570595)",,,20.08,1052,114,,,,,,2025-06-29T17:35:04.528Z,2025-06-29T19:22:44.159Z,MO,Casablanca - الدار البيضاء,Boulevard Biarritz
249122104,NONE,2,5,"LINESTRING(-7.52122 33.570726, -7.520112 33.571372, -7.518731 33.571951, -7.518181 33.572103, -7.517646 33.572269, -7.517383 33.572353, -7.516556 33.572638)",,,14.18,484,69,,,,,,2025-06-29T19:11:26.340Z,2025-06-29T19:22:43.364Z,MO,Casablanca - الدار البيضاء,Boulevard Mohamed Jamal Addora
248733746,NONE,4,5,"LINESTRING(-7.812924 33.515261, -7.814293 33.514826, -7.815389 33.514487, -7.817187 33.513998)",,,3.56,421,399,,,,,,2025-06-29T19:06:54.181Z,2025-06-29T19:22:44.529Z,MO,Dar Bouazza - دار بوعزة,R320
248730160,NONE,2,5,"LINESTRING(-7.569309 33.550511, -7.570088 33.550039, -7.570936 33.549531, -7.571885 33.548951, -7.572323 33.54869, -7.57263 33.548508, -7.573421 33.548021, -7.574259 33.547507, -7.575314 33.546881)",,,17.07,687,72,,,,,,2025-06-29T19:06:55.679Z,2025-06-29T19:22:45.996Z,MO,Casablanca - الدار البيضاء,Boulevard Commandant Driss Al Harti
249141050,NONE,3,5,"LINESTRING(-7.710235 33.566758, -7.709106 33.567312, -7.708607 33.567607, -7.707949 33.568055, -7.70715 33.568606, -7.706746 33.568829, -7.706741 33.568831, -7.706029 33.569225, -7.704843 33.569837, -7.704591 33.569952, -7.704516 33.569988, -7.703647 33.570296, -7.703482 33.57033, -7.702746 33.570464, -7.702192 33.57053, -7.701836 33.570573, -7.70031 33.570712)",,,14.39,1043,177,,,,,,2025-06-29T19:11:25.763Z,2025-06-29T19:22:42.910Z,MO,Casablanca - الدار البيضاء,R320 - Boulevard Abdelhadi Boutaleb
248360488,NONE,4,5,"LINESTRING(-7.817652 33.513626, -7.817648 33.513626, -7.8176 33.513626, -7.817526 33.51363, -7.817445 33.513641, -7.817363 33.513663, -7.817287 33.513689, -7.817221 33.51372, -7.817164 33.513753, -7.817116 33.513785, -7.817079 33.513817, -7.817052 33.513849, -7.817036 33.513879, -7.817033 33.513908, -7.817041 33.513933, -7.817062 33.513955, -7.817093 33.513973, -7.817135 33.513987, -7.817187 33.513998, -7.817247 33.514003, -7.817263 33.514003, -7.817333 33.514003, -7.817409 33.513997, -7.817491 33.513983, -7.817538 33.513972, -7.817615 33.513945, -7.817683 33.513914, -7.817742 33.513883, -7.817792 33.513849, -7.817831 33.513818, -7.81786 33.513786, -7.817877 33.513756, -7.817883 33.513727, -7.817877 33.5137, -7.817859 33.513678, -7.817829 33.513658, -7.817813 33.513652, -7.817768 33.513638, -7.817714 33.51363, -7.817652 33.513626)",,,3.58,193,169,,,,,,2025-06-29T19:02:16.759Z,2025-06-29T19:22:46.164Z,MO,Dar Bouazza - دار بوعزة,
250120706,NONE,3,5,"LINESTRING(-7.670796 33.573832, -7.670986 33.573717, -7.671335 33.573564, -7.671552 33.57347, -7.672315 33.573149, -7.672833 33.572932, -7.673325 33.572716, -7.674546 33.572181, -7.674987 33.571985, -7.675176 33.571898, -7.675603 33.571707, -7.67579 33.571625, -7.675978 33.571545, -7.676123 33.571483, -7.676447 33.57134, -7.677037 33.571091, -7.677462 33.570911, -7.677649 33.570826, -7.678679 33.570372)",,,11.8,828,163,,,,,,2025-06-29T19:22:44.041Z,2025-06-29T19:22:44.041Z,MO,Casablanca - الدار البيضاء,Boulevard d'Afghanistan
249137194,NONE,3,5,"LINESTRING(-7.6545 33.533772, -7.654155 33.533668, -7.653815 33.533543, -7.65169 33.532919, -7.651104 33.532738, -7.650799 33.532663, -7.649554 33.532283, -7.649099 33.532158, -7.648477 33.532013, -7.648066 33.531934, -7.647984 33.531909)",,,10.75,640,156,,,,,,2025-06-29T19:11:25.782Z,2025-06-29T19:22:42.923Z,MO,Casablanca - الدار البيضاء,Boulevard El Qods
250071058,NONE,2,5,"LINESTRING(-7.676182 33.559401, -7.67504 33.559748, -7.673875 33.560078, -7.673099 33.560297, -7.672575 33.560458, -7.672323 33.560511, -7.671736 33.560679, -7.67047 33.561096, -7.670117 33.561219, -7.669599 33.561392, -7.669285 33.5615)",,,18.4,681,68,,,,,,2025-06-29T19:22:43.422Z,2025-06-29T19:22:43.422Z,MO,Casablanca - الدار البيضاء,Boulevard Oued Oum Rabii
248128572,NONE,3,5,"LINESTRING(-7.59865 33.571617, -7.597261 33.571853, -7.597009 33.571894, -7.59657 33.57197, -7.595892 33.572087, -7.594595 33.57231)",,,7.85,385,126,,,,,,2025-06-29T18:59:57.906Z,2025-06-29T19:22:44.658Z,MO,Casablanca - الدار البيضاء,Boulevard Al Fida
245108836,NONE,4,5,"LINESTRING(-7.516469 33.607275, -7.515614 33.607658, -7.513995 33.608377, -7.512218 33.609184, -7.511648 33.609439)",,,6.61,508,224,,,,,,2025-06-29T18:30:03.740Z,2025-06-29T19:22:43.328Z,MO,Casablanca - الدار البيضاء,Boulevard Abou Dar Al Ghifari
247654202,NONE,2,5,"LINESTRING(-7.685892 33.569766, -7.685471 33.569251, -7.685103 33.56881, -7.684881 33.568544, -7.684713 33.568326, -7.684598 33.568177, -7.684527 33.568055, -7.684369 33.567781, -7.684237 33.567553, -7.683984 33.567115, -7.683619 33.566483, -7.683412 33.566049, -7.683294 33.565705, -7.683214 33.565316, -7.683152 33.56499, -7.683123 33.564702, -7.683129 33.564295, -7.683167 33.564145, -7.683428 33.563323, -7.683544 33.56305, -7.683758 33.562688, -7.683812 33.562614, -7.685469 33.560353)",,,16.79,1164,145,,,,,,2025-06-29T18:55:22.894Z,2025-06-29T19:22:43.557Z,MO,Casablanca - الدار البيضاء,Route Sidi Al Khadir
249947676,NONE,3,5,"LINESTRING(-7.530886 33.600528, -7.530993 33.600086, -7.530989 33.599908, -7.531 33.59952, -7.530994 33.599437, -7.530966 33.599399, -7.53091 33.598683, -7.530797 33.597854, -7.530626 33.59723, -7.530579 33.597061, -7.530391 33.596403, -7.530319 33.596162, -7.529913 33.594865)",,,14.75,642,101,,,,,,2025-06-29T19:20:30.869Z,2025-06-29T19:22:43.983Z,MO,Casablanca - الدار البيضاء,Route de Chabbou
247457346,NONE,3,5,"LINESTRING(-7.700474 33.573645, -7.700537 33.573863, -7.70061 33.574107, -7.700729 33.574347, -7.701374 33.575384, -7.701632 33.575737, -7.70173 33.575831, -7.702363 33.576297, -7.703727 33.577278)",,,9.87,517,141,,,,,,2025-06-29T18:53:09.507Z,2025-06-29T19:22:43.573Z,MO,Casablanca - الدار البيضاء,Route de Sidi Abderrahmane
