name,latitude,longitude,address,phone,status,category,image_url
Mehdya,34.2577614,-6.6738046,,,,蓋尼特拉,https://lh3.googleusercontent.com/gps-cs-s/AC9h4no2skSt8Jlo-1SaIRJ1YG-m0IrLn0mFxWXIwd19kxZMreRS8XetdIixrW2Iehv_Du8KpgYb8hszZu_yKpXrjpkCFb3FJZLcbdMsTlGo1e4aeXJ4HL2H4W7re0ypEL4IYJpSuLWJJA=w80-h92-p-k-no
BIM Stores,33.0111219,-7.6248021,,,,4.3(44),
BIM Stores,33.0042163,-7.619279,,,,3.8(146),
BIM Stores,32.9880724,-7.6014816,,,,4.1(55),
BIM Stores,32.9922649,-7.6166763,,+212 5234-07899,,3.8(75),
بيم,33.0035254,-7.6132302,,,,4.1(11),
BIM Stores,33.003652,-7.6325556,,+212 672-005252,,3.8(117),
BIM Stores,32.9971276,-7.6098833,Avenue du 3 Mars,,,3.7(120),
BIM Sultana,32.9980225,-7.6321382,,,,3.9(12),
BIM Stores,32.9949945,-7.6214493,,,,1.0(1),
BIM Stores,32.9998642,-7.6167735,,,,3.9(7),
Bim,33.0004558,-7.6243469,,,,商店,
BIM بيم,34.0001564,-6.849353,,,,3.8(149),
BIM,33.990992,-6.86947,,,,4.0(311),
BIM,33.9991961,-6.8643175,,,,3.8(252),
BIM بيم,33.9683278,-6.889075,,,,3.9(244),
BIM,33.9739245,-6.8959195,,+212 661-284810,,3.9(154),
Bim (Mabella),33.9945974,-6.8228206,,,,3.8(179),
BIM Stores,33.9972883,-6.8151271,,,,3.7(134),
Bim rue Casablanca بيم ( شارع دار البيضاء),34.0243786,-6.8282648,,,,4.1(32),
BIM,34.0246363,-6.8448668,,,,3.9(292),
Bim بيم,34.0061109,-6.8503705,,,,4.0(25),
BIM,34.0118635,-6.8558392,,,,4.0(196),
Bim بيم,34.0146474,-6.8284835,,,,3.9(136),
Bim Stores (Hassan),34.0184291,-6.8247358,,,,3.8(95),
BIM Stores,33.9936721,-6.8506641,,,,4.0(97),
BIM,34.0176775,-6.8334683,,,,3.6(7),
BIM,34.0216036,-6.8261629,,,,4.0(115),
BIM,34.0125215,-6.8518974,,,,3.8(40),
BIM Amir,34.0195478,-6.8445687,,,,3.8(51),
BIM Résidence Al Boustane,33.9674536,-6.8979144,,,,4.2(5),
Bim بيم,34.0121399,-6.84671,,+212 649-649405,,3.9(38),
BIM,33.9405315,-6.9007453,,+212 5226-79292,,3.9(398),
BIM بيم,34.0469544,-6.8034644,"Residence Mabrouka ,Avenue Mohamed 5,Tabrequet",,,3.9(12),
BIM بيم,34.0414362,-6.8061588,,,,4.1(75),
BIM بيم,34.0003891,-6.7401013,,,,3.8(96),
BIM,33.9405899,-6.8884714,,+212 5376-00102,,3.9(171),
Centre Commercial BIM,33.9674939,-6.8980304,,,,3.3(3),
BIM Stores,34.0250272,-6.7644142,,,,3.9(240),
BIM,34.0231603,-6.8496916,,,,便利店,
BIM Stores,34.0168583,-6.7707428,,+212 619-592759,,4.0(44),
Bim بيم,34.0489126,-6.7999923,"26X2+H26, Avenue Med V Tabriquet",,,4.7(6),
Bim Market,34.0472386,-6.7793595,,,,3.8(441),
BIM بيم,34.0421477,-6.8209888,,,,3.9(99),
BIM,34.0370551,-6.811661,,,,4.1(33),
BIM Stores,34.0487111,-6.8150088,,,,3.8(242),
BIM,34.0338107,-6.8054982,,,,3.4(21),
BIM,34.0213757,-6.7483098,,,,3.7(3),
BIM بيم,34.0488486,-6.8053477,"Lotissemnt al Horia IMB 47 Tabriquet, Avenue Rizk",,,3.8(82),
Bim بيم,33.9939517,-6.7449487,,,,4.6(9),
بيم,34.0557172,-6.792587,,,,3.9(250),
Bim بيم,34.057202,-6.777123,,+212 661-118190,,4.0(299),
BIM بيم,34.0150184,-6.7365418,,,,3.7(18),
BIM Stores,33.9957547,-6.7299785,,+212 700-223717,,3.9(268),
BIM,34.0464773,-6.8197744,,+212 5226-79292,,3.9(214),
BIM,33.9333233,-6.9429522,,,,4.2(67),
Bim ( Hssaine ),34.0245216,-6.7568065,,,,3.1(8),
BIM,34.0627992,-6.7657913,,,,4.1(101),
BIM Stores,33.9129038,-6.9137558,,,,4.1(174),
BIM بيم,34.0633142,-6.7953291,,+212 621-008825,,3.9(168),
Bim بيم,33.9292393,-6.8916879,,+212 606-798955,,3.8(133),
Bim hay chmaou,34.0618905,-6.8053363,,,,3.8(128),
Bim,34.0643136,-6.7980318,,,,5.0(1),
BIM بيم,33.9221242,-6.9361813,,,,3.9(95),
BIM,33.9236674,-6.906303,,+212 5226-79292,,3.9(237),
BIM Stores,33.63622,-7.4506536,,,,3.8(149),
BIM,33.6184578,-7.4493004,,,,5.0(2),
BIM Stores,33.6222417,-7.443417,,,,超級市場,
BIM Stores,33.8889503,-6.9665595,,,,5.0(1),
BIM Stores,33.8940398,-6.9568003,,,,5.0(4),
BIM بيم,33.8985174,-6.928928,,,,4.0(23),
BIM,33.8850981,-6.9703197,,,,2.6(5),
BIM,33.9145541,-6.9263978,"1er étage, Block A5, Avenue Hassan II Hassan 1er",,,5.0(1),
BIM بيم,33.9042292,-6.9195712,,,,4.0(104),
BIM,33.9202846,-6.917077,,,,4.0(506),
BIM,33.9170263,-6.9234179,,+212 638-697253,,超級市場,
Bim,33.8678779,-6.9236089,,,,3.2(13),
Bim,33.9212853,-6.928893,,,,便利店,
BIM Stores,33.8362085,-6.9242471,,,,3.9(279),
BIM Stores,33.8445582,-7.0465158,,+212 679-553529,,3.8(235),
Bim,33.9098228,-6.9108516,,,,4.5(4),
Bim al amal بيم الأمل,33.8292246,-6.9111167,,+212 684-809686,,4.2(75),
Bim بيم,33.920207,-6.896254,,,,3.5(12),
BIM Stores,33.788763,-7.1599288,,,,4.0(445),
BIM Stores,33.7818125,-7.1638125,,+212 669-802266,,3.8(145),
Bim بيم,33.7987517,-6.8042601,,+212 681-459962,,4.0(66),
BIM,33.8559371,-7.0272044,,,,4.7(3),
Ait Matn Superette,33.9404187,-6.9005044,Bd Sahl Rhone,+212 661-472641,,4.1(257),
Bim,33.8111239,-7.1456585,,,,4.1(12),
Bim بيم,33.7755547,-7.1606297,,,,3.9(48),
Bim flowers,33.8072556,-7.1538267,,,,4.2(5),
Super marché bim,31.8008346,-7.1506879,,+212 653-105152,,4.7(6),
Bim بيم,33.7692207,-7.1563383,,,,3.9(74),
Bim beaurivage,33.7723917,-7.1595049,,+212 751-149905,,2.0(6),
BIM,33.7610593,-7.1544107,,,,4.3(3),
Extreme Pc,33.7819518,-7.1640814,,+212 666-536328,,4.3(44),
BIM Stores,33.5567072,-7.4763303,,,,3.4(7),
Connexion Art,33.9212571,-6.8998724,,+212 661-084939,,4.0(2),
BIM Stores,33.5906063,-7.5241857,,,,3.8(4),
BIM Stores,33.596007,-7.5152291,,+212 631-324518,,4.4(11),
BIM Stores,33.687281,-7.3384284,MMP6+WJ8، Avenue Mohammed V,,,3.9(56),
BIM Stores,33.2793609,-7.2321522,,,,4.1(42),
BIM Store,33.6264515,-7.4816713,,,,5.0(2),
BIM Stores,33.6269259,-7.1318181,,,,4.1(123),
BIM Stores,33.6245327,-7.1375409,,,,3.8(86),
Bim stores,33.5476016,-7.4890012,,+212 712-335054,,3.5(37),https://lh3.googleusercontent.com/gps-cs-s/AC9h4nrSZzbjEjEUNMzDSig0MoNHdVPqYNlBwX8e6byBnUYdWis5nX9iJSCqCpAzlnODDYsrl6Zew8a3mTRQVlyCObAPZa0aRE_TCCX1kdUDyiTPsiGHXm7EuQH_i6MO-3ZSSoaYtlDskQ=w80-h142-k-no
BIM Stores,33.5567072,-7.4763303,,,,3.4(7),//maps.gstatic.com/tactile/pane/result-no-thumbnail-1x.png
Bim Zin Essalam,33.5525306,-7.4752733,,+212 677-978945,,商店,//maps.gstatic.com/tactile/pane/result-no-thumbnail-1x.png
Bim el Amal,33.5493483,-7.4840513,,,,商店,//maps.gstatic.com/tactile/pane/result-no-thumbnail-1x.png
BIM Stores,34.7975869,-5.5701299,,+212 720-829802,,4.8(4),
Bim,34.7889625,-5.5793281,,,,超級市場,
BIM Informatique : Wifi & Installation Caméra de Surveillance,34.7991693,-5.5725669,,+212 661-642438,,3.5(6),
BIM (Super market),33.8917823,-5.5060955,,+212 5355-16421,,3.9(210),
BIM EL HAMD OUISLANE,33.8848373,-5.4983763,,+212 688-888727,,3.7(137),
BIM,33.8875876,-5.5700194,,+212 680-431148,,3.9(80),
BIM,33.9045509,-5.5319253,,+212 680-431148,,4.0(84),
BIM Place d’armes,33.8937506,-5.5365146,,,,3.9(115),
BIM SIDI SAID,33.8913778,-5.5803694,,+212 5355-21819,,3.9(155),
BIM,33.8761781,-5.5845979,,,,4.0(3),
Bim,33.9007443,-5.5765092,,,,3.9(137),
BIM Al mansour,33.8649869,-5.586024,,+212 680-431148,,4.0(171),
BIM,33.8951692,-5.543913,,+212 5355-21819,,3.9(257),
Bim - بيم,33.8956489,-5.5692411,,,,3.7(7),
Superette BIM,33.8794863,-5.5785735,,,,3.9(13),
BIM,33.8807598,-5.598745,,,,4.3(23),
BIM,33.8990122,-5.528051,,,,超級市場,
Bim monaco by ilyasse,33.8888414,-5.5104533,,,,5.0(2),
BIM,33.9021572,-5.4693544,,,,5.0(4),
BIM MARJANE 2,33.8589036,-5.5761684,,+212 680-431148,,3.8(198),
BIM Anassi,33.854085,-5.5675252,,,,5.0(1),
Bim diamand,33.868498,-5.565664,,,,5.0(4),
Bim med 6,33.8875683,-5.5700348,,+212 669-766892,,4.0(4),
Bim Qortoba,33.8575553,-5.547217,,,,5.0(1),
بيم الشاوية Bim Chaouia,33.8708155,-5.559821,,,,5.0(1),
BIM بيم,34.087307,-6.7764546,,+212 5226-79292,,4.1(100),
BIM بيم,34.0787605,-6.7871487,,,,4.0(73),
BIM بيم,34.072636,-6.795156,,+212 5226-79292,,3.9(182),
BIM,34.0706021,-6.7716169,,+212 5226-79292,,3.9(37),
BIM JBALA,34.064413,-6.7679989,,,,5.0(4),
Bim,34.0805709,-6.7836374,,,,4.0(1),
BIM Stores,35.5718266,-5.3859927,,,,3.9(80),
BIM EL KHARAZ TÉTOUAN,35.5791924,-5.3590684,,,,4.2(19),
BIM Stores,35.6259282,-5.2918703,,,,3.8(137),
بيم,35.5850159,-5.3467312,,,,3.7(62),
BIM بيم,34.2609597,-6.5932977,,,,3.9(250),
Bim,34.2625379,-6.5795981,,,,3.9(59),
Bim,34.2571001,-6.5925905,,,,3.4(32),
BIM بيم,34.2536707,-6.5804699,,,,3.5(82),
BIM Stores,34.2402837,-6.61565,,,,4.0(77),
BIM Convenience Store,34.2617981,-6.5990528,,+212 5226-79292,,4.0(1),
BiM stores,34.2656358,-6.6439923,,,,4.0(47),
BIM بيم,34.2459746,-6.6553656,,,,3.7(60),
BiM Stores,34.2560465,-6.5864122,,,,3.0(2),
بيم,34.2534254,-6.6025499,,,,3.8(144),
BIM Stores,34.2532451,-6.6234406,,+212 629-920507,,4.0(79),
BIM بيم,34.2701869,-6.5583355,,+212 5226-79292,,4.3(6),
Bim بيم,34.2614335,-6.5882683,"Magasin 02 Résidence nour, Avenue Imam Ali",,,3.9(11),
"BIM Stores Mohamed El Qori, Kénitra.",34.2533807,-6.5916268,,,,3.9(79),
BIM Stores,34.2576997,-6.6147931,,,,3.8(202),
BIM Stores,34.2709886,-6.6099367,,,,3.9(63),
BIM Stores,34.2556314,-6.5263629,,+212 682-825058,,4.4(5),
BIM Stores,34.2574508,-6.5581195,,+212 707-721920,,3.0(3),
BIM,34.2597392,-6.5779869,,,,3.0(2),
BIM Ankara,34.264463,-6.5879743,,,,5.0(2),
بيم,34.2488194,-6.5420549,,+212 694-186780,,3.9(169),
BIM Stores,34.2552578,-6.5459549,,,,3.6(8),
BIM Stores,34.2673106,-6.6264025,,+212 629-920507,,4.5(13),
BIM,34.2694754,-6.59625,"7C93+QGR, Avenue Daraa",,,超級市場,
BiM بيم,34.2662908,-6.6024121,,,,3.9(360),
BIM Stores,34.2503636,-6.6108901,,,,3.3(6),
Bim طريق عين السبع,34.2380749,-6.5458563,,,,便利店,
Droguerie Mehdia عقاقير مهدية,34.2503715,-6.6410673,,+212 676-346512,,4.6(11),
BIM Stores,34.2497709,-6.6488562,,,,便利店,
Kenitra,34.2754527,-6.6072325,,,,商店,
BIM Stores,34.2625457,-6.5675577,,,,3.6(136),
BIM Stores,32.935902,-5.6727762,,+212 5226-79292,,3.9(167),
BIM Stores,32.938221,-5.6549424,,+212 5226-79292,,4.1(91),
BIM,34.1264816,-6.7368332,,+212 633-591839,,4.4(16),
بيم,34.3073785,-6.3002489,,,,4.2(14),
Bim stores,34.2283932,-5.7275144,,,,便利店,
BIM Stores,34.2648489,-6.6081845,,,,5.0(4),
BIM,34.0106011,-6.5269602,,,,3.9(72),
BIM بيم,34.0087846,-6.5362829,,,,4.1(25),
BIM Sidi Slimane,34.2597998,-5.9243077,,,,4.6(9),
BIM Sidi Yahia El Gharb,34.3070602,-6.2993945,,,,雜貨店,
BIM Stores,33.8164283,-6.0699006,,,,4.0(32),
BIM Stores,33.8933294,-6.31581,,,,4.0(157),
BIM بيم chiga,33.917667,-6.8901545,,,,3.7(31),
Bim hay riad,34.0048549,-6.5321234,,,,超級市場,
BIM Stores,34.5778584,-5.9487007,,,,3.7(3),
BIM store,34.0619392,-6.7827794,"11ET 12, IMM F MARWA MAGASINS, AVENUE MOHAMMED 5 CIH BANK AVENUE YOUSSEF IBN TACHFINE STATION GRAND TAXI SUPER, AVENUE MOHAMED 5",,,便利店,
BIM RIAD ZITOUNE - متجر بيم رياض الزيتون,33.8618711,-5.5678978,,+212 664-674652,,3.9(18),
BIM,33.8309614,-6.0624807,,+212 5226-79292,,4.0(50),
BIM بيم,33.8260465,-6.0782118,,,,3.8(23),
BIM ZITOUNE --( M3 متجر بيم الزيتون( المعاركة,33.8667319,-5.5461417,,+212 5352-56020,,3.8(171),
BIM Store,33.5781318,-7.5882965,,,,4.2(66),
BIM Stores,32.8638881,-6.5713188,,,,4.0(179),
BIM Morocco S.A,33.4246976,-7.6392042,,+212 5229-22000,,4.2(17),
BIM Stores,32.8516088,-6.5811274,,+212 679-630801,,4.0(53),
BIM Stores,33.5236359,-7.8176968,,,,3.8(206),
BIM بيم,32.953262,-8.2203144,,,,3.9(101),
متجر بيم,33.4955393,-7.7276054,,+212 687-257363,,4.0(160),
BIM Stores,33.0639566,-7.2435873,,,,3.9(86),
BIM Stores,33.5761507,-7.5935702,,+212 5228-65523,,4.0(107),
BIM Stores,32.7730557,-6.3958225,,,,3.8(131),
BIM Stores,32.1064455,-9.0881056,,+212 627-523860,,4.2(48),
BIM Stores,32.2812932,-6.4547857,,,,4.0(66),
BIM Stores,32.2991863,-6.7011524,,,,2.7(6),
بيم,33.3717597,-7.5358044,,+212 5226-77480,,3.9(243),
BIM Stores,33.6815046,-7.3829104,,,,4.0(46),
BIM بيم,33.4518374,-7.5131917,,,,4.0(160),
BIM بيم,33.5395182,-7.5832997,,,,4.2(86),
"Bim, rue saad abou joumaa",33.5739949,-7.5588394,,,,3.8(110),
BIM Store,33.6125129,-7.4990661,,,,3.9(203),
Bim,33.5718371,-7.478216,,,,5.0(4),
BIM Stores,33.5688494,-7.5810663,,,,4.0(135),
BIM بيم,33.6028604,-7.5102442,,,,4.1(164),
بيم,33.5739649,-7.5677721,,,,3.8(105),
BIM بيم,33.543781,-7.5839805,,+212 617-364278,,3.8(49),
BIM Stores,33.689757,-7.3917216,,+212 620-385628,,4.0(412),
BIM BD Grande Ceinture,33.5828745,-7.5534485,,+212 5226-77480,,4.1(118),
BIM بيم,33.6205425,-7.4870393,,,,3.8(60),
BIM Stores,33.692295,-7.365674,,,,4.0(2),
BIM بيم,33.5816425,-7.5609737,,,,3.5(8),
بيم,33.5338515,-7.7936072,,,,4.0(122),
Bim,33.5822431,-7.5511305,,,,3.3(7),
BIM Stores,33.6086755,-7.5451663,,+212 645-914156,,4.0(123),
BIM,33.5394812,-7.5767698,,,,5.0(1),
Bim,32.9113804,-7.2606574,,,,3.8(4),
BIM Hay sadri,33.57072,-7.5547284,,,,4.1(29),
Bim,33.4288088,-6.0005189,,+212 642-620037,,5.0(8),
BIM MAGHFOUR,33.5731389,-7.5288139,,,,4.3(10),
BIM Stores,33.6085296,-7.5204635,,,,3.7(46),
Bim,33.6891322,-7.3784581,Bd de la Résistance,,,4.1(42),
BIM بيم,33.5725045,-7.5320476,,,,4.0(64),
بيم,33.6879762,-7.3508308,,,,4.1(24),
BIM Stores Hay salama,33.5608883,-7.5601229,,,,5.0(3),
Bim auxilare,33.5753277,-7.5517827,,,,4.3(7),
BIM zekraoui,32.7708237,-6.3818087,,,,雜貨店,
Bim Hay Douma,33.5800108,-7.5345973,,,,4.0(188),
BIM Stores,33.6850673,-7.3729745,,,,3.8(190),
BIM بيم,33.4561455,-7.5145677,,,,3.6(31),
BIM بيم,33.5837799,-7.4811557,,+212 5226-79292,,4.1(135),
BIM Brahim nakhai,33.578008,-7.6394303,,,,3.6(48),
Bim - Derb El Khir,33.5534177,-7.5921013,,,,4.4(14),
BIM بيم,33.5949428,-7.5579953,,,,4.1(31),
"BIM Al Forkan, Casablanca Bernoussi.",33.6048237,-7.5151825,,,,4.1(28),
بيم,33.5616459,-7.5767702,,,,4.0(10),
BIM بيم,33.5450898,-7.5629218,,+212 5226-79292,,4.2(58),
بيم,33.460906,-7.6480555,,+212 779-532714,,3.7(109),
بيم,33.693035,-7.38019,Bd Al Horriya,,,3.9(366),
BIM بيم,33.5374239,-7.5686111,,+212 693-433701,,3.8(34),
BIM FADL LAH,33.5564454,-7.5137159,,,,4.1(71),
BIM salmya 2,33.5367015,-7.5519114,,,,3.8(123),
BIM بيم,33.5879259,-7.6335073,,,,4.2(49),
BIM Alia,33.6929096,-7.3842054,,,,4.5(4),
BIM بيم,33.391219,-7.555358,,,,3.8(17),
BIM Stores,32.5979671,-6.26497,,,,3.9(94),
بيم المسيرة bim almassira,33.3978184,-7.5310399,,+212 606-717948,,5.0(2),
BIM,33.5680101,-7.5315061,,,,4.1(36),
BIM Afriquia,33.5531152,-7.5897206,,+212 663-783495,,4.3(70),
Bim بيم,33.5795552,-7.5113685,,+212 612-924320,,3.7(71),
Bim,33.5721721,-7.5177654,,,,4.3(49),
BIM BEN OMAR BACHKO,33.5557902,-7.6286206,,,,2.0(2),
BIM Stores,33.5904841,-7.5049381,,,,4.0(97),
BIM Victoria,33.4164803,-7.6763676,,,,4.1(73),
Bim,33.4165836,-7.5381681,,,,便利店,
BIM بيم,33.592694,-7.4882595,,,,3.8(98),
BIM Stores,33.6131492,-7.1216223,,,,3.9(142),
BIM,32.9003814,-6.9074256,,,,3.3(3),
BIM Stores,32.8621449,-6.907536,,,,3.8(52),
BIM Stores,32.4963598,-6.6985002,,,,4.0(80),
BIM Stores,33.6865596,-7.3920042,"ELALIA, DERB MARRAKECH, 13 AVENUE MAGHRIB ALARABI",,,5.0(1),
BIM Attacharok,33.5759375,-7.5179375,,,,4.2(50),
بيم,32.3343419,-6.3646669,,,,4.0(189),
BIM بيم,33.6126757,-7.5285342,,,,4.0(169),
BIM,33.5262383,-7.5255181,,,,4.5(2),
BIM Errahma.,33.5378825,-7.7180373,,+212 5220-21324,,4.0(124),
BIM,32.881366,-6.9143325,,,,4.0(222),
BIM بيم,33.577917,-7.5430353,,+212 655-088450,,4.1(208),
BIM Stores,32.8731203,-6.925073,,,,3.9(262),
BIM Stores,33.6668341,-7.3930009,,,,商店,
بيم,33.5845622,-7.5215335,,,,3.8(133),
Bim jawhara,33.3830753,-7.5259311,,,,4.1(12),
BIM,33.5871196,-7.4728402,,,,雜貨店,
Bim Store,34.0416793,-5.0108913,,,,3.3(3),
MAGASIN BIM,34.0225096,-5.0272797,,,,5.0(1),
Bim karawiyin,34.0041664,-5.0120958,,,,1.0(1),
BIM,34.0338867,-4.9943987,,,,3.8(238),
BIM,34.0086776,-5.0094424,,,,4.1(181),
Bim,34.0373746,-5.0080255,,,,4.0(123),
Bim hay anass,34.0037797,-5.00167,,,,商店,
BIM,34.0628472,-5.006807,,,,3.9(138),
Marjane,35.2460476,-3.938886,,+212 80-2022050,,"3.6(1,275)",
BIM Al Majd,35.7400405,-5.7985763,,,,4.0(167),
BIM Stores,34.230369,-3.341608,,,,3.7(26),
Boutique imad,35.2567306,-3.9334163,,,,3.9(10),
Super market turkey,35.2646373,-2.9320564,,,,4.0(4),
BİM,33.4286335,-7.8377096,,,,3.9(84),
Bim dakhama 3 بيم الضخامة,33.4119875,-7.8499219,,,,3.6(38),
Bim,33.423781,-7.8495765,,,,雜貨店,
BIM Stores,33.2533115,-8.5126615,,+212 5226-79292,,4.0(89),
BIM بيم,33.2251917,-8.4992438,,+212 631-439062,,3.8(252),
BIM Stores,33.2315082,-8.5183715,,,,4.7(6),
BIM بيم,33.2284855,-8.50728,,,,4.1(111),
BIM Stores,33.233876,-8.5312181,,,,3.7(7),
BIM بيم,33.2385111,-8.5075643,,+212 615-407557,,3.8(105),
بيم,33.2458436,-8.5187146,,,,3.7(68),
BIM Stores,33.2506442,-8.5035741,,+212 682-146985,,3.7(55),
BIM Stores,33.2418038,-8.5310572,,,,4.0(33),
BIM Stores,33.2347351,-8.4936106,,+212 5226-79292,,4.0(66),
Bim Stores بيم,33.2373657,-8.5267679,,,,3.5(6),
BIM HAY ALMATAR,33.2336908,-8.5230869,,,,5.0(1),
BIM YACOUT EL JADIDA,33.2382292,-8.5324412,,,,便利店,
Bim,33.2524169,-8.5240302,,,,超級市場,
BIM Stores,33.266742,-7.587614,,,,3.9(555),
BIM Stores,33.2682593,-7.5713731,Bd Hassan 2,+212 606-060101,,3.9(26),
Bim بيم,33.2725218,-7.5836301,,,,4.6(7),
BIM Baidii 3,33.262312,-7.5665576,,,,2.0(1),
bim Sidi Amer,33.2746529,-7.5769711,,,,3.0(2),
BIM Market,33.2610871,-7.5984829,,,,超級市場,
BIM RABIEA,33.2634784,-7.5928861,,,,超級市場,
Bim Ajeyad,33.2610537,-7.5978291,,,,超級市場,
BIM بيم,33.276301,-7.5897181,"7CG6+G4F, Avenue Omar Al Khayam",,,3.9(45),
BIM LAYALI,33.2753189,-7.5855478,,,,超級市場,
متجر الفقيه,33.2553019,-7.5714438,,+212 632-515198,,5.0(6),
BIM,35.7856474,-5.8313157,,,,4.5(24),
BIM Plaza Toro,35.7631691,-5.7950355,,,,4.1(128),
Bim بيم,35.7566839,-5.8521337,,,,3.8(100),
BIM Moulay Rachid,35.7642151,-5.8366065,,+212 615-345021,,4.0(323),
BIM بيم,35.7683249,-5.8068259,,,,4.3(24),
BIM بيم,35.7727454,-5.8166327,,,,4.4(11),
Bim,35.7778092,-5.8207057,,,,4.0(24),
BIM BESIKTAS,35.7692527,-5.8163257,,,,4.2(28),
BİM بيم,35.7535929,-5.7977699,,,,3.8(80),
BIM saoudia(ahlan),35.7441169,-5.8310428,,,,4.6(5),
BIM,35.7717983,-5.8004946,,,,4.7(3),
Bim Stores S.a.R.L Ibn Battuta,35.7365561,-5.8535812,,,,3.8(201),
BIM Yasmina 2 Tanger,35.771938,-5.8072808,,,,4.0(191),
Bim gzenaya,35.709962,-5.90319,,,,4.5(8),
Bim supermarket,35.7564427,-5.8402603,,,,3.9(88),
BIM Ave. Moulay Suleiman,35.7618837,-5.8129405,,+212 5226-79292,,3.9(263),
Bim - Zemmouri 1,35.7499569,-5.8339907,,+212 620-271545,,4.3(19),
BIM,35.7349419,-5.8811701,,,,4.4(16),
BIM MERCHANE,35.7876658,-5.8242412,,,,3.9(35),
"Magazin ""Lahri""",35.7331036,-5.8829668,,+212 600-392426,,4.1(32),
BIM - Complexe Annour,35.7302893,-5.8536523,,,,3.0(5),
BIM BRANES,35.7599551,-5.8327043,,+212 5226-79292,,商店,
B2M BOX,35.771259,-5.8066422,"RDC N°10, centre NREA 183, Avenue Prince Héritier, Tanger 90020",+212 604-949063,,3.0(1),
Bim store,33.595543,-7.5004746,,+212 779-067236,,4.3(3),https://lh3.googleusercontent.com/gps-cs-s/AC9h4nqpV5h8XXfYrXBOAFPFoGDz7ROtGA7L2C85i0Juul2y328J2rQbgGx4LJ0DQyCUpz5Gzh8l41XlrKinxzwtQ3PitG7hJhegLDoWoNGwPbA62ki_DWMidOn0DA2DctPKv54b1adk=w80-h142-k-no
BIM STORE HAY ENNOUR,33.5490096,-7.5571329,,,,5.0(1),//maps.gstatic.com/tactile/pane/result-no-thumbnail-1x.png
BIM CASA SIDI MOHAMED,33.5795191,-7.6233257,,,,1.0(1),//maps.gstatic.com/tactile/pane/result-no-thumbnail-1x.png
BIM بيم,33.5189053,-7.6444099,,,,3.7(73),https://lh3.googleusercontent.com/gps-cs-s/AC9h4nrhfhEKnJC5qP4kLSsSDGxoeE_z2bHXFjk_BJ95Bc0-X4zmGniXbYQeIq30y7zuOeyQ7R7vEE27ijsM7TDwXGWS6umR9gH1_zQvb6vTOSlQCHi9Umy_HwRBMOWLpX5ooTnXcI_7=w163-h92-k-no
Bim بيم,33.525664,-7.6609089,,,,3.9(84),https://lh3.googleusercontent.com/gps-cs-s/AC9h4nr6yTPPbd-Fh3mBPQM_fg7UI6nW06H8kKj8mQJrnmrAStRfx3hGcxAqr9JEdTPadBS_90B-xtNXcI4YISJ73QN-OL_rLn9sKBLfHu7D_8E26THtAR5-nE0LIFJi-ZMXwjb3Hp0ZcQ=w80-h106-k-no
BIM بيم,32.8293075,-8.5128288,,,,3.9(48),https://lh3.googleusercontent.com/gps-cs-s/AC9h4npPSQYTL481kPUfDJvn4bE-8RJ7MmJyobthvJJcZ0mLwl2ySV7eddzthZHBJimlQTV3f3Gr2qM9yqRi74KGSK5EkllsNaTaucfoT_0OiIjoYjeDVzOyTTxnqdnht-S01Di0UvU=w122-h92-k-no
BIM,32.0801242,-8.6276209,,,,3.0(2),https://lh3.googleusercontent.com/gps-cs-s/AC9h4nqqJLkI_kqBV_J177sAlngbTr9e2F5TVSCiHupXS9NoirRv5qZ0m4Qd4d4GoIovaEfBQ1CWdlyNVjueNPn1gqLfoAWOu11i4pUbNFCspQ2ufzC9Z9bQCU9A5PsXfHXbNkShxpmMZm84jNOL=w120-h92-k-no
Bim stores,34.2283932,-5.7275144,,,,便利店,//maps.gstatic.com/tactile/pane/result-no-thumbnail-1x.png
BIM Stores,33.5867102,-7.5030369,,,,3.8(15),https://lh3.googleusercontent.com/gps-cs-s/AC9h4nqO5_SvpEBC6a-UhU4dFGFbIK2u7bn81imLH81KM3KP1vc1-w7fMAWZi4ZqUaGS9KTt5XoXClHjQ68k1ihGH0zfBeF2Ym96P5qkl5AMv1sX_PMk71QuWnveTvuW14hw2fO5uIaKNw=w163-h92-k-no
BIM Stores,33.596007,-7.5152291,,+212 631-324518,,4.4(11),https://lh3.googleusercontent.com/gps-cs-s/AC9h4nqwkD2iOdjvC4aDAMYO9ODlvuxu_gvXkd31IbbnsYM2WR8fp65-6CUhcUsv7dq9fEEBUkPVWzTHct3IzhvWcsqv-WQ4Kmn95juAIZTGOA7ciQN-Lw9Dtsq4yovPASoJLXksK4s4CQ=w189-h92-k-no
BIM SIDI SAID,33.8913778,-5.5803694,,+212 5355-21819,,3.9(155),https://lh3.googleusercontent.com/gps-cs-s/AC9h4npIfNlEnTvsXCS-zLZixi_zOhspkxjoES9Ps7dM4EtEE3_hd_FIwNyJ7GYY1oHywFuQ_A5XV5Nvh45HNaXYMKm1xQ3gqandLAmFCT1R9AjJywuHDTd-S_czRY5h4vgFeVfsnvlw=w122-h92-k-no
بيم,34.3073785,-6.3002489,,,,4.2(14),//maps.gstatic.com/tactile/pane/result-no-thumbnail-1x.png
BIM Stores,33.5275677,-7.6496941,,,,3.7(510),https://lh3.googleusercontent.com/gps-cs-s/AC9h4nowy4IRsT-yEA6pIF_gPCsjWlK1lG7-dYgv_TLBGc9f6-XuUyuVUdO-miul145Efg0cJESlMRo_NjO2_HGboXSgFXpOC8RuoDAcumRX-xb0Tuns4KAUbWLHYZPp2e_QSiWkRmJCrw=w122-h92-k-no
Bim sidi Youssef Ben ali,31.6221705,-7.9706804,,,,4.8(4),https://lh3.googleusercontent.com/gps-cs-s/AC9h4nqca6QvuxDjVw01WOFfJVZ34VxL3qxaKp7KPKHRQ1iYZbdXXTnTKfZoZMApo6FLCeQ2pIiVcz4Or8G4S5V2CNn6x8r0DTsvbbo5M_XwsqMBy63Lm9IlcUckwSK2Iqd53WfhQI6-ig=w80-h106-k-no
BIM,33.602482,-7.481015,,,,4.0(256),https://lh3.googleusercontent.com/gps-cs-s/AC9h4nrANOzZditrP08KqW4jF4Cea7WsUHT4iweZEAoCJTl22K1cE0zK1UHv-NXR7s32EOGkzaz1S0E4fB-Om4xy0gZ6p7rhSKfq1E7vXtm3Ltbq34RHBDrznW6qRMvioidB_3qtuMY1xQ=w80-h142-k-no
BIM sidi slimane,34.2629978,-5.9378175,,+212 652-403468,,3.8(142),https://lh3.googleusercontent.com/gps-cs-s/AC9h4nonm0xVHvZtvHxlAdv1p10NNv0Vly4SkEvwiX3hTySvI4yC_e--nodxHktl5luzl87oTFVlRBgzHy_EZJVoX6jig4B0-cdV7MwM9_PFKdUWKDkEWFD43ql65PX8LKUbkqM3dWew=w174-h92-k-no
BIM Stores,33.8325612,-4.8295003,,+212 657-126870,,4.0(90),
BIM Stores,33.8223514,-4.8354844,,,,3.9(103),
BIM Stores,35.6263388,-5.2747573,,,,4.0(37),
Margotine martil mantjate manzlya watjmilya....,35.6289282,-5.2832982,,+212 649-432767,,4.1(19),
بيم,35.6146673,-5.2801052,,,,3.5(16),
BIM Stores,33.7225176,-7.3366267,,,,4.8(17),
BIM,33.6997184,-7.3804834,,+212 5226-79292,,4.0(154),
BIM Maroc Sa_Région Mohammedia,33.656066,-7.4140344,,,,5.0(1),
BIM Stores,33.6970638,-7.3889494,,,,4.0(1),
BIM Stores,33.6638542,-7.3983157,,,,3.0(1),
BIM Stores,32.5080659,-6.6812485,,,,3.7(63),
BIM,33.602482,-7.481015,,,,4.0(256),
BIM Qadi Ayad بيم,33.6180155,-7.4804583,,,,3.8(176),
Bim store,33.595543,-7.5004746,,+212 779-067236,,4.3(3),
BIM Résidence Yacine,33.6180761,-7.4944095,,,,5.0(1),
BIM Stores,33.6799486,-7.3930562,,,,3.4(9),
BIM hiba 4 en face terrain ajas,33.6030131,-7.4853584,,,,4.1(14),
بيم,33.5620749,-7.5834084,,,,4.0(29),
BIM بيم,33.5189053,-7.6444099,,,,3.7(73),
Bim بيم,33.5924631,-7.6359501,,,,4.7(6),
BIM بيم,33.5440266,-7.6161127,,,,3.3(6),
Bim بيم,33.551395,-7.6785336,,,,3.9(112),
BIM Stores,33.5318753,-7.6737695,,+212 5224-48877,,3.9(161),
BIM Stores,33.5673012,-7.6697539,,,,4.3(21),
Bim/résidence Laarassi,33.5679658,-7.5937327,,+212 659-321585,,4.1(64),
BIM Stores,33.5662214,-7.6109335,,,,4.1(154),
BIM.,33.5765198,-7.6266015,,+212 777-777777,,4.8(5),
BIM بيم,33.5817809,-7.6156507,,,,4.0(22),
Bim بيم,33.525664,-7.6609089,,,,3.9(84),
BIM بيم,33.594016,-7.6247022,,,,3.9(66),
BIM STORE HAY ENNOUR,33.5490096,-7.5571329,,,,5.0(1),
Bim store,33.5931499,-7.5912807,,,,4.1(9),
BIM France Ville,33.5685309,-7.6275582,,,,3.7(68),
BIM بيم,33.5891653,-7.6309679,,,,4.0(55),
BIM,33.5746739,-7.6299727,,,,3.7(59),
BIM hlioua,33.602312,-7.5367758,,,,3.8(170),
BIM,33.5575165,-7.5432974,,,,3.8(11),
BIM,33.6066565,-7.6286698,,,,4.3(12),
Bim بيم,33.5692741,-7.6131324,,,,4.0(25),
Bim Hilal Sakan,33.569867,-7.5467285,,,,4.2(26),
Bim stores Rue Montmartre,33.5960874,-7.5887587,,,,5.0(1),
BIM,33.5906501,-7.5795022,,,,4.0(9),
BIM Stores,33.572696,-7.6425593,,+212 639-473529,,3.9(38),
بيم BIM,33.5704535,-7.625455,,+212 5226-77480,,4.0(31),
BIM Stores,33.5944919,-7.6062118,,,,3.8(74),
Bim بيم,33.5324744,-7.6818347,,+212 661-134901,,4.4(14),
BIM بيم,33.5632493,-7.6690176,,,,4.0(41),
Bim,33.5593203,-7.6822574,,,,4.0(28),
Bim Jnane Califonie,33.5277316,-7.6130775,,,,3.8(151),
BIM بيم,33.5641464,-7.6733772,,,,3.8(82),
BIM,33.5940156,-7.6201278,,,,4.0(102),
Bim,33.576453,-7.6042993,,,,5.0(1),
BIM بيم كاسيفكاك,33.6160736,-7.5390334,,,,3.9(68),
BIM بيم,33.5235506,-7.6803774,,,,4.2(10),
BIM,33.5901001,-7.6337337,,,,4.4(8),
BIM Saad El Khir,33.5652322,-7.6842154,,+212 654-481678,,4.1(95),
Bim Belvédère,33.5849991,-7.5890465,,,,4.0(1),
BIM,33.5568056,-7.5959683,,+212 649-345457,,4.1(62),
BIM,33.5924239,-7.6433782,,,,2.8(4),
BIM بيم,33.5816687,-7.6360748,,+212 632-393631,,4.1(46),
BIM d’agadir,33.5834992,-7.6177303,,,,4.1(29),
BIM Stores,33.5867102,-7.5030369,,,,3.8(15),
BIM بيم,33.583355,-7.6428087,,+212 620-201152,,4.2(23),
Bim 1287,33.5326333,-7.59077,,,,3.3(3),
BIM بيم,33.5522975,-7.6027523,,+212 669-922090,,3.9(35),
Bim Hay Mahata,33.5873279,-7.5949517,,,,超級市場,
BIM بيم,33.5752541,-7.6500801,,,,4.1(25),
بيم BIM,33.5712159,-7.5964933,,,,3.7(3),
BIM Rue Qortobi,33.5938491,-7.5988849,,,,3.9(21),
BIM,33.6038159,-7.4892861,,+212 771-333598,,3.9(191),
Bim oasis,33.5609228,-7.6427882,,,,3.8(59),
BIM Stores,33.593075,-7.6037711,,+212 627-640254,,2.0(3),
BIM بيم,33.5146895,-7.6452881,,,,4.0(147),
BIM,33.5184528,-7.650154,,,,5.0(4),
Bim,33.5321288,-7.6044146,,,,超級市場,
BIM بيم Al Mounawar,33.5262322,-7.6075423,,,,3.5(10),
Bim بيم,33.5997643,-7.574519,,,,3.0(1),
BIM Stores,34.2196875,-5.7099375,,+212 661-081359,,3.9(296),
BIM,34.9346384,-2.3314378,,,,5.0(4),
BIM,34.9201026,-2.3268404,,,,3.3(7),
BIM Stores,33.5613707,-7.533673,,,,4.0(142),
BIM Hay Ouahda,33.5452121,-7.5457821,,,,4.4(13),
BIM,32.3454609,-8.8451828,,,,4.3(3),
BIM Store,31.6480465,-8.0009464,,+212 767-149526,,4.0(292),
بيم,35.0019076,-5.9101081,,,,3.4(22),
BIM STORE Abraj Dubai,35.1884318,-6.1481871,,,,平價超級市場,
BIM Stores,35.182539,-6.1423155,,,,3.9(139),
BIM sidi slimane,34.2629978,-5.9378175,,+212 652-403468,,3.8(142),
BIM Store Demnate,31.7331013,-7.0045872,,,,4.8(11),
BIM (Discount Minimarket),31.6280722,-7.9938824,,,,4.0(318),
Bim store,31.6484514,-7.9947117,,,,2.5(2),
BIM Stores,32.6064415,-6.280152,Avenue Moha Ou Hammou Zayani،,,,4.1(25),
BIM Stores,35.1891141,-6.1550199,,,,3.9(170),
BIM KOREA بيم القريعة,33.5595141,-7.5976917,,+212 660-512581,,4.1(10),
Bim bab doukala,31.669767,-7.9821819,,,,5.0(1),
BIM STORE CHAABANE,35.1660351,-6.1456662,Avenue moulay Driss,,,超級市場,
BIM,33.7650438,-5.4863639,,,,4.0(114),
BIM Store Zohour Al Atlas,32.3230182,-6.3595347,,,,市場,
BIM El Attaouia,31.8297766,-7.3139125,,,,4.1(68),
Bim hay haddad,35.7405979,-5.8059663,,,,3.5(6),
BIM,32.0801242,-8.6276209,,,,3.0(2),
BIM,32.062824,-7.4057739,,,,3.9(166),
BİM Stores,31.6252987,-8.0661743,,,,4.2(82),
BIM بيم,31.640236,-8.0762731,,,,3.8(25),
Bim Mabrouka,31.654279,-8.0330256,,,,4.2(169),
BIM Stores,32.054619,-7.4080456,,,,4.2(36),
Bim sidi Youssef Ben ali,31.6221705,-7.9706804,,,,4.8(4),
BIM السوق الممتاز,31.5642563,-7.6630943,,,,4.0(116),
بيم,32.5063471,-7.1941398,,,,3.7(57),
BIM Stores,31.5321946,-8.770373,,,,3.6(34),
BIM,33.5266361,-7.7520444,,+212 637-560049,,4.4(41),
BIM بيم,31.6859858,-8.0669864,,,,3.9(57),
BIM STORES,33.3709545,-7.9984418,"Résidence Khaoula, 144 Avenue Hassan II",+212 779-899809,,超級市場,
BIM Stores,33.3711567,-7.9929933,,,,3.7(148),
BİM Stores,31.6179727,-8.0619868,,,,4.0(250),
BIM (Discount Minimarket),31.6188763,-7.988663,,+212 5233-12598,,4.6(31),
BIM,31.5896609,-8.0338316,,,,5.0(3),
Bim rizana,33.8669477,-5.5761023,,,,便利店,
BIM Rouidate,31.6420018,-8.0100662,,,,4.0(128),
BIM Stores,31.6619965,-7.9984718,,,,3.8(86),
BIM بيم,31.6686728,-8.0288727,,,,4.0(157),
BIM بيم,31.655166,-7.990708,,,,3.8(58),
Bim بيم,31.6760751,-8.0204621,,,,3.9(187),
BİM بيم,31.6344006,-8.0599912,"I N90 C, 40140, Avenue Al Massira",,,3.9(274),
BIM بيم,31.6725097,-8.0387432,,,,4.3(33),
BIM,31.5805857,-8.0538808,,+212 631-178840,,4.0(371),
BIM بيم,31.6455817,-7.9793036,,,,4.2(127),
BIM بيم,31.6375843,-8.0190254,,+212 5226-79292,,4.0(123),
BIM,31.6247084,-8.0294046,,,,3.9(153),
BIM,31.630328,-8.0720368,,,,3.5(50),
bim,31.6649457,-8.0105658,,,,5.0(3),
Bim iziki,31.6144476,-8.0556825,,,,4.1(89),
Bim,31.6127245,-7.9726502,,,,4.1(72),
BIM,31.5969134,-8.0199847,,+212 642-951825,,4.6(5),
BIM بيم,31.6417456,-8.0475454,,,,3.9(82),
BIM,31.5874129,-8.0420391,,,,4.1(66),
BIM,31.5951845,-8.0284032,,,,3.9(244),
BIM,31.5850334,-8.0553187,,,,4.3(23),
Bim Store,31.6591917,-8.0032125,,,,雜貨店,
BIM,31.5988883,-8.039548,,,,4.1(13),
BIM,31.5961303,-8.0599291,,,,4.5(14),
Bim,31.6779006,-8.0264806,,,,2.7(3),
BIM,31.5941321,-8.0364018,,,,3.0(1),
BİM بيم,31.6319315,-8.0637055,,,,2.3(3),
Bim market,34.2377196,-3.3467136,,,,便利店,
Bim Store,33.5350262,-7.5862742,Bd de Smara,,,5.0(1),
BIM Stores,33.5275677,-7.6496941,,,,3.7(510),
BIM STORES,33.5093826,-7.670142,,,,4.0(13),
BiM Stores,33.5846611,-7.6112865,,,,3.7(110),
BIM بيم,33.5973534,-7.6423422,,,,3.8(61),
BIM,33.5996327,-7.6373512,,,,4.0(3),
BIM بيم,33.5833758,-7.6221886,,+212 655-228678,,4.0(31),
BIM Stores,33.5866843,-7.5778813,,+212 629-626524,,3.9(145),
Bim بيم,33.5894167,-7.6137251,,,,3.9(112),
BIM بيم,33.5365225,-7.672865,,,,3.9(116),
Bim,33.5517133,-7.7027829,,,,3.7(33),
BIM,33.592741,-7.6401362,,,,4.8(4),
BIM Roudani,33.5847659,-7.6307092,,,,4.1(28),
BIM Stores,33.5336242,-7.6144944,,,,3.4(40),
Bim,33.5181065,-7.6772805,,,,4.3(3),
BIM,33.5713505,-7.5347509,,,,4.0(44),
Bim بيم,33.5369402,-7.6842063,,,,3.9(52),
BIM Mehdi Ben Barka,33.6020035,-7.6438622,,,,4.0(120),
BIM Stores,33.5695031,-7.6849892,,,,3.9(49),
Bim بيم,33.5406695,-7.686653,,,,3.8(176),
BIM بيم,33.5661109,-7.6939546,,,,3.9(110),
BIM,33.5702487,-7.6191168,,,,5.0(5),
BIM,33.6006461,-7.6322893,,,,3.4(5),
Bim,33.5767416,-7.6344628,"H9G8+M6V Ang, Resid. Bneber, Avenue Stendahl, Rue Georges Sand",,,5.0(1),
BIM Stores,33.5866054,-7.5986368,,,,3.9(119),
BIM بيم,33.5372356,-7.6024268,,,,4.3(14),
Bim بيم,33.5771072,-7.6465069,,,,3.8(37),
BIM EL WIAME,33.5589584,-7.6750358,,,,4.3(23),
Bim بيم Lot Mounia,33.5292428,-7.6018866,,,,4.2(16),
BIM Store Arrahma,33.562456,-7.5375554,,,,3.9(12),
BIM بيم,33.5630451,-7.647509,,+212 607-686891,,3.7(44),
BIM بيم,33.5972905,-7.6345557,,,,3.7(17),
BIM STORES VIP,33.5871082,-7.6165412,,,,4.0(1),
bim,33.607757,-7.5408194,,,,商店,
BIM,33.5795615,-7.6273597,,,,便利店,
Bim market,33.567513,-7.6424374,,+212 663-277201,,2.0(3),
BIM,33.5074636,-7.653092,,,,5.0(2),
BIM,33.5626648,-7.6385792,,,,商店,
BIM,33.576455,-7.6170491,,,,3.5(11),
BIM Ibnou Soufi,33.5794024,-7.6348212,,+212 773-704854,,3.8(13),
Bim,33.6069924,-7.565315,,,,1.0(1),
BIM بيم,33.5840433,-7.5989776,,,,3.8(9),
BIM,33.5418826,-7.6815819,Bd Haj Fateh,,,便利店,
BIM Stores,34.2275846,-3.9894754,,+212 606-709006,,4.1(23),
BIM Stores,34.2142792,-4.0099759,,,,4.6(9),
BIM,32.8866268,-6.9044858,Bd Mohammed VI,,,4.0(41),
BIM,32.8948623,-6.9198178,,,,4.1(65),
BIM,32.8898534,-6.915731,,,,4.1(19),
BIM MAGASIN,32.8844485,-6.9109142,,,,購物中心,
BIM Stores,34.6818001,-1.9429259,,,,3.8(18),
BIM Stores,34.6758235,-1.9239344,,,,4.2(18),
بيم,34.6575249,-1.8974514,,+212 720-332938,,3.6(29),
Bim,34.672071,-1.8598414,,,,3.0(2),
Bim el jaouhara,34.666282,-1.9303687,,,,5.0(1),
Bim Sid El mokthar,34.688684,-1.9151381,,+212 700-557682,,3.7(10),
BIM Stores,34.6932718,-1.9188537,,,,5.0(2),
BIM Stores,34.6709651,-1.8939446,,,,3.9(48),
BIM BOUDIR,34.6860688,-1.9088975,,+212 766-938281,,3.4(25),
Bim hay essalam,34.6593513,-1.9218497,,,,4.3(9),
Bim jakarta,34.6752352,-1.9109024,,,,商店,
BIM Stores,34.6939165,-1.8830455,,,,3.0(7),
BIM,34.6593503,-1.9033524,,,,商店,
BIM,34.67698,-1.88543,,,,雜貨店,
Bim sidi Yahya,34.6650893,-1.8907307,,,,3.5(2),
Bim si Lakhdar,34.6873895,-1.9316083,,,,超級市場,
Bim el Aounia,34.691721,-1.891769,,,,超級市場,
BIM Makhlouf,33.3806752,-7.534585,,,,3.8(289),
BIM بيم,33.4563921,-7.6499981,,,,3.9(169),
Bim,33.4649372,-7.6593043,,,,4.1(64),
BIM El Izdihar,33.4607896,-7.663815,,+212 663-445568,,2.6(5),
Bim Andalous prestige,33.4683907,-7.6517848,,,,5.0(1),
Siège Ste BIM STORES,33.4251187,-7.6400624,,+212 631-310503,,3.6(5),
BIM 17,33.4225664,-7.6774814,,+212 775-601569,,便利店,
Bim MIRABEL,33.4661031,-7.6633992,,,,4.0(1),
Bim,33.4647436,-7.644755,,,,超級市場,
BIM بيم,33.4313238,-7.6393443,,,,3.9(81),
Mdiq,35.6838496,-5.3287416,,,,3.9(15),
Big chop,35.6841437,-5.3245521,,,,商店,
Outlet Said,35.6830256,-5.3219888,,+212 673-646877,,2.0(1),
BIM Stores,31.1805533,-8.8555096,,,,5.0(4),
BIM Stores,32.3463136,-6.3504003,,,,3.6(121),
بيم,32.3486985,-6.3591551,,,,4.5(8),
BIM la CNSS,32.3395202,-6.3453557,,,,3.9(222),
BIM Stores,32.34019,-6.3656048,,,,4.2(6),
BIM Stores,32.3236381,-6.3657742,,,,3.0(4),
BIM El Hadika,34.0556693,-5.0286562,,,,3.9(192),
Supmarché bim,34.0079436,-4.9689273,,+212 640-888370,,3.7(24),
Bim Narjis.,34.0079591,-4.9689035,,,,3.8(4),
BIM Stores,32.6475149,-8.4160812,,,,3.6(56),
Bim Essaada,32.6481997,-8.4326862,,,,4.2(9),
BIM Stores AL AHRAM,33.6179657,-7.1254013,,,,超級市場,
